,Temperature,Humidity,next_temp
0,29.00,45.00,30.00
1,31.00,41.00,30.00
2,30.00,45.00,30.00
3,30.00,45.00,30.00
4,30.00,45.00,30.00
5,30.00,40.00,30.00
6,30.00,45.00,30.00
7,30.00,45.00,30.00
8,32.00,44.00,30.00
9,30.00,40.00,30.00
10,30.00,45.00,30.00
11,30.00,42.00,30.00
12,30.00,43.00,30.00
13,30.00,40.00,30.00
14,30.00,43.00,30.00
15,30.00,45.00,30.00
16,30.00,45.00,30.00
17,30.00,40.00,30.00
18,30.00,45.00,30.00
19,30.00,44.00,30.00
20,30.00,42.00,30.00
21,30.00,40.00,30.00
22,30.00,40.00,30.00
23,30.00,41.00,30.00
24,30.00,44.00,30.00
25,30.00,44.00,30.00
26,30.00,40.00,30.00
27,30.00,40.00,30.00
28,30.00,41.00,30.00
29,30.00,40.00,30.00
30,30.00,40.00,30.00
31,30.00,43.00,30.00
32,30.00,40.00,30.00
33,30.00,40.00,29.00
34,30.00,40.00,29.00
35,30.00,41.00,30.00
36,30.00,40.00,30.00
37,30.00,40.00,30.00
38,29.00,44.00,30.00
39,30.00,40.00,30.00
40,31.00,39.00,30.00
41,30.00,40.00,30.00
42,30.00,40.00,30.00
43,30.00,40.00,30.00
44,30.00,40.00,30.00
45,30.00,44.00,30.00
46,30.00,40.00,30.00
47,30.00,40.00,30.00
48,30.00,40.00,30.00
49,30.00,42.00,30.00
50,30.00,40.00,30.00
51,30.00,40.00,30.00
52,30.00,40.00,30.00
53,30.00,42.00,30.00
54,30.00,40.00,30.00
55,30.00,40.00,30.00
56,30.00,40.00,30.00
57,30.00,40.00,30.00
58,30.00,43.00,30.00
59,30.00,41.00,30.00
60,30.00,40.00,30.00
61,30.00,40.00,30.00
62,30.00,42.00,30.00
63,30.00,40.00,30.00
64,30.00,40.00,30.00
65,28.00,38.00,30.00
66,30.00,42.00,30.00
67,28.00,38.00,30.00
68,28.00,38.00,30.00
69,30.00,41.00,30.00
70,30.00,42.00,30.00
71,30.00,40.00,30.00
72,30.00,40.00,30.00
73,30.00,40.00,30.00
74,30.00,40.00,30.00
75,30.00,40.00,30.00
76,30.00,40.00,30.00
77,30.00,40.00,30.00
78,30.00,42.00,30.00
79,30.00,41.00,30.00
80,30.00,40.00,30.00
81,30.00,41.00,30.00
82,30.00,42.00,30.00
83,31.00,40.00,30.00
84,30.00,40.00,30.00
85,28.00,38.00,30.00
86,30.00,42.00,30.00
87,30.00,41.00,30.00
88,31.00,39.00,30.00
89,30.00,41.00,30.00
90,30.00,43.00,30.00
91,31.00,40.00,30.00
92,31.00,40.00,30.00
93,31.00,40.00,30.00
94,30.00,44.00,30.00
95,31.00,40.00,30.00
96,31.00,40.00,30.00
97,31.00,41.00,30.00
98,30.00,43.00,30.00
99,30.00,41.00,30.00
100,30.00,41.00,30.00
101,30.00,41.00,30.00
102,30.00,42.00,30.00
103,30.00,41.00,30.00
104,31.00,40.00,30.00
105,31.00,40.00,30.00
106,30.00,41.00,30.00
107,29.00,45.00,30.00
108,30.00,41.00,30.00
109,30.00,41.00,30.00
110,30.00,43.00,30.00
111,30.00,41.00,29.00
112,30.00,41.00,30.00
113,32.00,40.00,29.00
114,30.00,44.00,29.00
115,30.00,41.00,29.00
116,30.00,41.00,29.00
117,30.00,41.00,29.00
118,30.00,43.00,29.00
119,31.00,40.00,29.00
120,30.00,41.00,29.00
121,30.00,41.00,29.00
122,30.00,44.00,29.00
123,30.00,41.00,29.00
124,30.00,41.00,29.00
125,30.00,42.00,29.00
126,30.00,45.00,29.00
127,30.00,41.00,29.00
128,30.00,41.00,29.00
129,30.00,41.00,29.00
130,30.00,44.00,29.00
131,30.00,41.00,29.00
132,30.00,41.00,29.00
133,30.00,41.00,29.00
134,30.00,44.00,29.00
135,30.00,41.00,29.00
136,30.00,41.00,29.00
137,30.00,41.00,29.00
138,30.00,44.00,29.00
139,30.00,41.00,29.00
140,30.00,41.00,29.00
141,30.00,41.00,29.00
142,30.00,44.00,30.00
143,30.00,41.00,29.00
144,30.00,41.00,29.00
145,30.00,41.00,29.00
146,30.00,46.00,29.00
147,30.00,41.00,29.00
148,30.00,41.00,29.00
149,30.00,41.00,29.00
150,30.00,44.00,29.00
151,30.00,41.00,29.00
152,30.00,42.00,29.00
153,30.00,41.00,29.00
154,30.00,45.00,29.00
155,30.00,41.00,29.00
156,30.00,41.00,29.00
157,30.00,41.00,29.00
158,30.00,45.00,29.00
159,30.00,41.00,29.00
160,30.00,43.00,29.00
161,30.00,41.00,29.00
162,30.00,45.00,29.00
163,30.00,41.00,29.00
164,30.00,41.00,29.00
165,30.00,41.00,29.00
166,30.00,45.00,29.00
167,30.00,41.00,29.00
168,30.00,41.00,29.00
169,30.00,41.00,29.00
170,30.00,45.00,29.00
171,30.00,41.00,29.00
172,30.00,41.00,30.00
173,30.00,41.00,29.00
174,30.00,45.00,29.00
175,30.00,45.00,29.00
176,30.00,41.00,29.00
177,30.00,41.00,29.00
178,30.00,41.00,29.00
179,30.00,41.00,29.00
180,30.00,41.00,29.00
181,30.00,41.00,29.00
182,30.00,43.00,29.00
183,30.00,41.00,29.00
184,30.00,41.00,29.00
185,30.00,41.00,29.00
186,30.00,41.00,29.00
187,30.00,41.00,30.00
188,30.00,41.00,29.00
189,30.00,41.00,29.00
190,30.00,41.00,29.00
191,30.00,45.00,29.00
192,30.00,41.00,29.00
193,30.00,43.00,29.00
194,30.00,41.00,29.00
195,30.00,41.00,29.00
196,30.00,42.00,29.00
197,30.00,42.00,30.00
198,30.00,42.00,29.00
199,30.00,40.00,29.00
200,30.00,42.00,29.00
201,30.00,42.00,29.00
202,30.00,42.00,29.00
203,30.00,41.00,29.00
204,30.00,42.00,29.00
205,30.00,42.00,29.00
206,30.00,42.00,29.00
207,30.00,44.00,29.00
208,30.00,41.00,29.00
209,30.00,43.00,29.00
210,30.00,43.00,29.00
211,30.00,41.00,29.00
212,30.00,43.00,29.00
213,30.00,43.00,29.00
214,30.00,43.00,29.00
215,30.00,41.00,29.00
216,30.00,43.00,29.00
217,30.00,43.00,29.00
218,30.00,43.00,29.00
219,30.00,45.00,29.00
220,31.00,42.00,29.00
221,30.00,43.00,29.00
222,30.00,43.00,29.00
223,31.00,40.00,29.00
224,30.00,44.00,29.00
225,30.00,44.00,29.00
226,30.00,44.00,29.00
227,30.00,41.00,29.00
228,30.00,45.00,29.00
229,30.00,41.00,29.00
230,30.00,44.00,29.00
231,30.00,41.00,29.00
232,31.00,43.00,29.00
233,30.00,45.00,29.00
234,30.00,44.00,29.00
235,30.00,45.00,29.00
236,30.00,44.00,29.00
237,30.00,45.00,29.00
238,30.00,45.00,29.00
239,30.00,41.00,29.00
240,30.00,44.00,29.00
241,30.00,45.00,29.00
242,30.00,45.00,29.00
243,30.00,41.00,29.00
244,30.00,42.00,29.00
245,30.00,45.00,29.00
246,30.00,45.00,29.00
247,30.00,41.00,29.00
248,30.00,45.00,29.00
249,30.00,41.00,29.00
250,30.00,45.00,29.00
251,30.00,41.00,29.00
252,30.00,43.00,29.00
253,30.00,45.00,30.00
254,30.00,41.00,29.00
255,30.00,42.00,29.00
256,30.00,41.00,29.00
257,30.00,41.00,29.00
258,30.00,41.00,29.00
259,30.00,46.00,29.00
260,30.00,41.00,29.00
261,30.00,42.00,29.00
262,30.00,41.00,29.00
263,30.00,41.00,29.00
264,30.00,41.00,29.00
265,30.00,41.00,29.00
266,30.00,41.00,29.00
267,30.00,41.00,29.00
268,30.00,41.00,29.00
269,30.00,41.00,29.00
270,29.00,45.00,29.00
271,30.00,43.00,29.00
272,30.00,41.00,29.00
273,30.00,41.00,29.00
274,30.00,41.00,29.00
275,30.00,41.00,29.00
276,30.00,41.00,29.00
277,30.00,41.00,29.00
278,30.00,41.00,29.00
279,30.00,41.00,29.00
280,30.00,41.00,29.00
281,30.00,41.00,29.00
282,30.00,41.00,29.00
283,30.00,41.00,29.00
284,30.00,41.00,29.00
285,30.00,44.00,29.00
286,30.00,41.00,29.00
287,30.00,41.00,29.00
288,30.00,41.00,29.00
289,30.00,41.00,29.00
290,30.00,41.00,29.00
291,30.00,41.00,29.00
292,30.00,41.00,29.00
293,30.00,41.00,29.00
294,30.00,41.00,29.00
295,30.00,41.00,29.00
296,30.00,41.00,29.00
297,30.00,41.00,29.00
298,30.00,41.00,29.00
299,30.00,41.00,29.00
300,30.00,42.00,29.00
301,30.00,42.00,29.00
302,30.00,42.00,29.00
303,30.00,42.00,29.00
304,30.00,42.00,29.00
305,30.00,42.00,29.00
306,30.00,42.00,29.00
307,30.00,42.00,29.00
308,30.00,42.00,29.00
309,30.00,42.00,29.00
310,30.00,42.00,29.00
311,30.00,42.00,29.00
312,30.00,42.00,29.00
313,30.00,45.00,29.00
314,30.00,42.00,29.00
315,30.00,42.00,29.00
316,30.00,42.00,29.00
317,30.00,42.00,29.00
318,30.00,42.00,29.00
319,30.00,42.00,29.00
320,30.00,42.00,29.00
321,30.00,42.00,29.00
322,30.00,42.00,29.00
323,30.00,42.00,30.00
324,30.00,42.00,29.00
325,30.00,43.00,29.00
326,30.00,42.00,29.00
327,30.00,42.00,29.00
328,30.00,42.00,30.00
329,30.00,42.00,29.00
330,30.00,42.00,29.00
331,30.00,42.00,29.00
332,30.00,42.00,29.00
333,30.00,42.00,29.00
334,30.00,42.00,29.00
335,30.00,42.00,29.00
336,30.00,42.00,29.00
337,30.00,42.00,29.00
338,30.00,42.00,29.00
339,30.00,42.00,29.00
340,30.00,42.00,29.00
341,30.00,42.00,29.00
342,30.00,42.00,29.00
343,30.00,42.00,29.00
344,30.00,43.00,29.00
345,30.00,46.00,29.00
346,30.00,42.00,29.00
347,30.00,42.00,29.00
348,29.00,42.00,29.00
349,30.00,42.00,29.00
350,29.00,42.00,29.00
351,29.00,42.00,29.00
352,29.00,42.00,29.00
353,29.00,42.00,29.00
354,29.00,43.00,29.00
355,29.00,42.00,29.00
356,29.00,42.00,29.00
357,29.00,42.00,29.00
358,29.00,42.00,29.00
359,29.00,42.00,29.00
360,29.00,42.00,29.00
361,29.00,42.00,29.00
362,29.00,42.00,29.00
363,29.00,43.00,29.00
364,29.00,43.00,29.00
365,29.00,43.00,29.00
366,29.00,43.00,29.00
367,29.00,43.00,29.00
368,29.00,43.00,29.00
369,29.00,43.00,29.00
370,29.00,43.00,29.00
371,29.00,43.00,29.00
372,29.00,43.00,29.00
373,29.00,43.00,29.00
374,29.00,43.00,29.00
375,29.00,43.00,29.00
376,29.00,43.00,29.00
377,29.00,43.00,29.00
378,29.00,43.00,29.00
379,30.00,43.00,30.00
380,29.00,43.00,29.00
381,29.00,43.00,29.00
382,29.00,43.00,29.00
383,29.00,43.00,29.00
384,29.00,43.00,29.00
385,29.00,43.00,29.00
386,29.00,43.00,29.00
387,29.00,43.00,30.00
388,29.00,43.00,29.00
389,29.00,43.00,29.00
390,29.00,43.00,29.00
391,29.00,43.00,29.00
392,29.00,43.00,29.00
393,29.00,44.00,29.00
394,29.00,44.00,29.00
395,29.00,44.00,29.00
396,29.00,44.00,29.00
397,29.00,44.00,29.00
398,29.00,44.00,29.00
399,29.00,44.00,29.00
400,29.00,44.00,29.00
401,29.00,44.00,29.00
402,29.00,44.00,29.00
403,29.00,44.00,29.00
404,29.00,44.00,29.00
405,29.00,44.00,29.00
406,29.00,44.00,29.00
407,29.00,44.00,29.00
408,29.00,44.00,29.00
409,30.00,44.00,29.00
410,29.00,44.00,30.00
411,29.00,44.00,29.00
412,29.00,44.00,29.00
413,29.00,44.00,29.00
414,29.00,44.00,29.00
415,29.00,44.00,29.00
416,29.00,44.00,29.00
417,29.00,44.00,29.00
418,29.00,44.00,29.00
419,29.00,44.00,29.00
420,29.00,44.00,29.00
421,29.00,44.00,29.00
422,29.00,44.00,29.00
423,30.00,44.00,29.00
424,29.00,44.00,29.00
425,29.00,44.00,29.00
426,29.00,44.00,29.00
427,29.00,44.00,29.00
428,29.00,44.00,29.00
429,29.00,44.00,29.00
430,29.00,44.00,29.00
431,29.00,44.00,29.00
432,29.00,44.00,29.00
433,30.00,44.00,29.00
434,29.00,44.00,29.00
435,29.00,44.00,29.00
436,29.00,44.00,29.00
437,29.00,44.00,29.00
438,29.00,45.00,29.00
439,29.00,44.00,29.00
440,29.00,44.00,29.00
441,29.00,44.00,29.00
442,29.00,44.00,29.00
443,29.00,44.00,29.00
444,29.00,44.00,29.00
445,29.00,44.00,29.00
446,29.00,44.00,29.00
447,29.00,44.00,29.00
448,29.00,44.00,29.00
449,29.00,44.00,29.00
450,29.00,44.00,30.00
451,29.00,44.00,29.00
452,29.00,44.00,29.00
453,29.00,44.00,29.00
454,29.00,44.00,29.00
455,29.00,44.00,29.00
456,29.00,44.00,29.00
457,29.00,44.00,29.00
458,29.00,44.00,29.00
459,29.00,44.00,29.00
460,29.00,44.00,29.00
461,29.00,44.00,29.00
462,29.00,44.00,29.00
463,29.00,44.00,29.00
464,29.00,44.00,29.00
465,29.00,44.00,29.00
466,29.00,44.00,29.00
467,29.00,44.00,29.00
468,29.00,44.00,29.00
469,29.00,44.00,29.00
470,29.00,44.00,29.00
471,29.00,44.00,29.00
472,29.00,44.00,29.00
473,29.00,44.00,29.00
474,29.00,44.00,29.00
475,29.00,44.00,29.00
476,29.00,44.00,29.00
477,29.00,44.00,29.00
478,29.00,44.00,29.00
479,29.00,44.00,29.00
480,29.00,44.00,29.00
481,29.00,44.00,29.00
482,29.00,46.00,29.00
483,29.00,45.00,29.00
484,29.00,45.00,29.00
485,29.00,45.00,29.00
486,29.00,46.00,29.00
487,29.00,45.00,29.00
488,29.00,45.00,29.00
489,29.00,45.00,29.00
490,30.00,45.00,29.00
491,29.00,45.00,29.00
492,29.00,45.00,29.00
493,29.00,45.00,29.00
494,29.00,46.00,29.00
495,29.00,45.00,29.00
496,29.00,45.00,29.00
497,29.00,45.00,29.00
498,29.00,45.00,29.00
499,29.00,45.00,29.00
500,29.00,45.00,29.00
501,29.00,45.00,29.00
502,29.00,46.00,29.00
503,29.00,45.00,29.00
504,29.00,45.00,29.00
505,29.00,45.00,29.00
506,29.00,45.00,29.00
507,29.00,45.00,29.00
508,29.00,45.00,29.00
509,29.00,45.00,29.00
510,29.00,45.00,29.00
511,29.00,45.00,29.00
512,29.00,45.00,29.00
513,29.00,45.00,29.00
514,29.00,46.00,29.00
515,29.00,46.00,29.00
516,29.00,46.00,29.00
517,29.00,46.00,29.00
518,29.00,46.00,29.00
519,29.00,46.00,29.00
520,29.00,46.00,29.00
521,29.00,46.00,29.00
522,29.00,46.00,29.00
523,29.00,46.00,29.00
524,29.00,46.00,29.00
525,29.00,46.00,29.00
526,29.00,46.00,29.00
527,29.00,46.00,29.00
528,29.00,46.00,29.00
529,29.00,46.00,29.00
530,29.00,46.00,29.00
531,29.00,46.00,29.00
532,29.00,46.00,29.00
533,29.00,46.00,30.00
534,29.00,46.00,29.00
535,29.00,46.00,30.00
536,29.00,46.00,29.00
537,29.00,46.00,29.00
538,29.00,46.00,29.00
539,29.00,46.00,29.00
540,29.00,46.00,29.00
541,29.00,46.00,29.00
542,29.00,46.00,29.00
543,29.00,46.00,29.00
544,29.00,46.00,29.00
545,29.00,46.00,29.00
546,29.00,46.00,29.00
547,29.00,46.00,29.00
548,29.00,46.00,29.00
549,29.00,46.00,29.00
550,29.00,46.00,29.00
551,29.00,46.00,29.00
552,29.00,46.00,29.00
553,29.00,46.00,29.00
554,29.00,46.00,29.00
555,29.00,46.00,30.00
556,29.00,47.00,29.00
557,29.00,47.00,29.00
558,29.00,46.00,29.00
559,29.00,47.00,29.00
560,30.00,46.00,29.00
561,29.00,47.00,29.00
562,29.00,47.00,29.00
563,29.00,47.00,28.00
564,30.00,52.00,29.00
565,29.00,47.00,30.00
566,29.00,47.00,29.00
567,29.00,47.00,29.00
568,29.00,47.00,29.00
569,29.00,47.00,29.00
570,29.00,47.00,29.00
571,29.00,47.00,29.00
572,29.00,47.00,29.00
573,29.00,47.00,28.00
574,29.00,47.00,29.00
575,29.00,47.00,29.00
576,29.00,47.00,29.00
577,29.00,47.00,29.00
578,29.00,47.00,29.00
579,29.00,47.00,28.00
580,29.00,47.00,29.00
581,29.00,47.00,28.00
582,29.00,48.00,28.00
583,29.00,48.00,28.00
584,29.00,48.00,28.00
585,29.00,48.00,28.00
586,29.00,48.00,28.00
587,29.00,48.00,28.00
588,29.00,49.00,28.00
589,29.00,49.00,28.00
590,29.00,49.00,28.00
591,29.00,49.00,28.00
592,30.00,49.00,28.00
593,29.00,49.00,28.00
594,29.00,49.00,28.00
595,29.00,49.00,28.00
596,29.00,49.00,28.00
597,29.00,49.00,28.00
598,29.00,50.00,28.00
599,29.00,50.00,28.00
600,29.00,50.00,28.00
601,29.00,50.00,28.00
602,29.00,51.00,28.00
603,29.00,51.00,28.00
604,29.00,51.00,28.00
605,29.00,51.00,28.00
606,29.00,51.00,28.00
607,29.00,51.00,28.00
608,29.00,51.00,28.00
609,29.00,51.00,28.00
610,29.00,51.00,28.00
611,29.00,51.00,28.00
612,29.00,51.00,28.00
613,29.00,51.00,28.00
614,29.00,52.00,29.00
615,29.00,53.00,29.00
616,30.00,52.00,29.00
617,29.00,52.00,29.00
618,29.00,52.00,29.00
619,29.00,52.00,29.00
620,29.00,52.00,29.00
621,29.00,52.00,29.00
622,29.00,52.00,29.00
623,29.00,52.00,29.00
624,30.00,52.00,29.00
625,29.00,52.00,29.00
626,29.00,52.00,29.00
627,29.00,52.00,29.00
628,29.00,52.00,29.00
629,29.00,52.00,29.00
630,29.00,52.00,29.00
631,29.00,52.00,29.00
632,29.00,53.00,29.00
633,29.00,53.00,29.00
634,29.00,53.00,29.00
635,29.00,53.00,29.00
636,29.00,53.00,29.00
637,29.00,53.00,29.00
638,29.00,53.00,29.00
639,29.00,53.00,29.00
640,29.00,53.00,29.00
641,29.00,53.00,29.00
642,29.00,53.00,29.00
643,29.00,53.00,29.00
644,29.00,53.00,29.00
645,29.00,53.00,29.00
646,30.00,53.00,29.00
647,29.00,53.00,29.00
648,29.00,53.00,29.00
649,29.00,53.00,29.00
650,29.00,53.00,29.00
651,29.00,53.00,29.00
652,29.00,53.00,29.00
653,29.00,53.00,29.00
654,29.00,53.00,29.00
655,29.00,53.00,29.00
656,29.00,53.00,29.00
657,29.00,53.00,29.00
658,29.00,53.00,29.00
659,29.00,53.00,29.00
660,29.00,53.00,29.00
661,29.00,53.00,29.00
662,29.00,53.00,29.00
663,29.00,53.00,29.00
664,29.00,53.00,29.00
665,29.00,53.00,29.00
666,29.00,53.00,29.00
667,29.00,53.00,29.00
668,29.00,53.00,29.00
669,29.00,53.00,29.00
670,29.00,53.00,29.00
671,29.00,53.00,29.00
672,29.00,53.00,29.00
673,29.00,53.00,29.00
674,29.00,53.00,29.00
675,29.00,53.00,29.00
676,29.00,53.00,29.00
677,29.00,53.00,29.00
678,29.00,53.00,29.00
679,29.00,53.00,29.00
680,29.00,53.00,29.00
681,29.00,53.00,29.00
682,29.00,53.00,29.00
683,29.00,53.00,29.00
684,29.00,55.00,29.00
685,29.00,53.00,29.00
686,30.00,53.00,29.00
687,29.00,53.00,29.00
688,29.00,54.00,29.00
689,29.00,54.00,29.00
690,29.00,54.00,29.00
691,29.00,54.00,29.00
692,29.00,54.00,29.00
693,29.00,54.00,29.00
694,29.00,54.00,29.00
695,29.00,54.00,29.00
696,29.00,54.00,29.00
697,29.00,54.00,29.00
698,29.00,53.00,29.00
699,29.00,53.00,29.00
700,29.00,54.00,29.00
701,29.00,53.00,29.00
702,29.00,53.00,29.00
703,29.00,53.00,29.00
704,29.00,53.00,29.00
705,29.00,54.00,29.00
706,29.00,54.00,29.00
707,29.00,54.00,29.00
708,29.00,54.00,29.00
709,29.00,54.00,29.00
710,29.00,54.00,29.00
711,29.00,56.00,29.00
712,29.00,54.00,29.00
713,29.00,54.00,29.00
714,29.00,54.00,29.00
715,29.00,54.00,29.00
716,29.00,54.00,29.00
717,29.00,54.00,29.00
718,29.00,54.00,29.00
719,29.00,54.00,29.00
720,29.00,54.00,29.00
721,29.00,54.00,29.00
722,29.00,54.00,29.00
723,29.00,54.00,29.00
724,29.00,54.00,29.00
725,29.00,54.00,29.00
726,29.00,54.00,29.00
727,29.00,54.00,29.00
728,29.00,54.00,29.00
729,29.00,54.00,29.00
730,29.00,54.00,29.00
731,29.00,54.00,29.00
732,29.00,54.00,29.00
733,29.00,56.00,29.00
734,29.00,54.00,29.00
735,29.00,54.00,30.00
736,29.00,54.00,29.00
737,29.00,54.00,29.00
738,29.00,54.00,29.00
739,29.00,54.00,29.00
740,29.00,54.00,29.00
741,29.00,55.00,29.00
742,29.00,54.00,29.00
743,29.00,54.00,29.00
744,29.00,54.00,29.00
745,29.00,56.00,29.00
746,29.00,54.00,29.00
747,29.00,54.00,29.00
748,29.00,54.00,29.00
749,29.00,55.00,29.00
750,29.00,54.00,29.00
751,29.00,54.00,28.00
752,29.00,54.00,29.00
753,29.00,56.00,29.00
754,29.00,54.00,29.00
755,29.00,54.00,29.00
756,29.00,54.00,29.00
757,29.00,54.00,29.00
758,29.00,54.00,29.00
759,29.00,54.00,29.00
760,29.00,54.00,29.00
761,29.00,56.00,29.00
762,29.00,54.00,29.00
763,29.00,54.00,29.00
764,29.00,54.00,29.00
765,29.00,54.00,29.00
766,29.00,54.00,29.00
767,29.00,54.00,29.00
768,30.00,54.00,29.00
769,29.00,55.00,29.00
770,30.00,54.00,29.00
771,29.00,54.00,29.00
772,29.00,54.00,29.00
773,29.00,56.00,29.00
774,29.00,54.00,29.00
775,29.00,55.00,29.00
776,29.00,55.00,29.00
777,29.00,54.00,30.00
778,29.00,55.00,29.00
779,29.00,56.00,29.00
780,29.00,55.00,29.00
781,29.00,55.00,29.00
782,29.00,55.00,29.00
783,29.00,56.00,29.00
784,29.00,55.00,29.00
785,29.00,55.00,30.00
786,29.00,54.00,29.00
787,29.00,55.00,29.00
788,29.00,56.00,29.00
789,29.00,55.00,29.00
790,30.00,55.00,29.00
791,29.00,55.00,29.00
792,29.00,57.00,29.00
793,29.00,55.00,29.00
794,29.00,55.00,29.00
795,29.00,55.00,29.00
796,29.00,55.00,29.00
797,28.00,56.00,29.00
798,29.00,55.00,29.00
799,30.00,55.00,29.00
800,29.00,55.00,29.00
801,29.00,56.00,29.00
802,29.00,55.00,29.00
803,29.00,55.00,29.00
804,29.00,54.00,29.00
805,29.00,54.00,29.00
806,29.00,54.00,29.00
807,28.00,55.00,29.00
808,29.00,54.00,29.00
809,29.00,54.00,29.00
810,29.00,54.00,29.00
811,29.00,56.00,29.00
812,29.00,54.00,29.00
813,28.00,55.00,29.00
814,29.00,54.00,29.00
815,28.00,55.00,29.00
816,28.00,55.00,29.00
817,28.00,55.00,29.00
818,28.00,55.00,29.00
819,28.00,55.00,29.00
820,28.00,55.00,29.00
821,28.00,55.00,29.00
822,28.00,55.00,29.00
823,28.00,55.00,29.00
824,28.00,55.00,29.00
825,28.00,55.00,29.00
826,28.00,55.00,29.00
827,28.00,55.00,29.00
828,28.00,55.00,29.00
829,28.00,55.00,29.00
830,28.00,55.00,29.00
831,28.00,55.00,29.00
832,28.00,55.00,29.00
833,28.00,55.00,29.00
834,28.00,55.00,29.00
835,28.00,55.00,29.00
836,28.00,55.00,29.00
837,28.00,55.00,29.00
838,28.00,55.00,29.00
839,28.00,55.00,29.00
840,28.00,55.00,29.00
841,28.00,55.00,29.00
842,28.00,55.00,29.00
843,28.00,55.00,29.00
844,28.00,55.00,29.00
845,28.00,55.00,29.00
846,28.00,55.00,29.00
847,28.00,55.00,29.00
848,29.00,54.00,29.00
849,29.00,54.00,29.00
850,29.00,54.00,29.00
851,29.00,54.00,29.00
852,29.00,54.00,29.00
853,29.00,54.00,29.00
854,29.00,54.00,29.00
855,29.00,54.00,29.00
856,29.00,54.00,29.00
857,29.00,54.00,29.00
858,29.00,54.00,29.00
859,29.00,54.00,29.00
860,29.00,54.00,29.00
861,29.00,54.00,29.00
862,29.00,54.00,29.00
863,29.00,54.00,30.00
864,29.00,54.00,29.00
865,29.00,54.00,29.00
866,29.00,54.00,29.00
867,29.00,55.00,29.00
868,29.00,55.00,29.00
869,29.00,55.00,29.00
870,29.00,54.00,29.00
871,29.00,54.00,29.00
872,29.00,54.00,29.00
873,29.00,55.00,29.00
874,29.00,54.00,29.00
875,29.00,54.00,30.00
876,29.00,55.00,29.00
877,29.00,54.00,29.00
878,29.00,54.00,29.00
879,29.00,55.00,29.00
880,29.00,54.00,29.00
881,29.00,55.00,29.00
882,29.00,55.00,30.00
883,29.00,55.00,29.00
884,29.00,54.00,29.00
885,29.00,55.00,29.00
886,29.00,54.00,29.00
887,29.00,55.00,29.00
888,29.00,55.00,29.00
889,29.00,54.00,29.00
890,29.00,55.00,29.00
891,29.00,55.00,29.00
892,29.00,54.00,29.00
893,29.00,54.00,29.00
894,29.00,55.00,29.00
895,29.00,54.00,29.00
896,29.00,56.00,29.00
897,29.00,54.00,29.00
898,29.00,55.00,30.00
899,29.00,55.00,29.00
900,29.00,56.00,29.00
901,29.00,54.00,29.00
902,29.00,54.00,28.00
903,29.00,54.00,29.00
904,29.00,54.00,29.00
905,29.00,54.00,29.00
906,29.00,56.00,29.00
907,29.00,54.00,29.00
908,29.00,57.00,29.00
909,29.00,54.00,29.00
910,29.00,56.00,29.00
911,29.00,56.00,29.00
912,29.00,54.00,29.00
913,29.00,54.00,28.00
914,29.00,54.00,29.00
915,29.00,57.00,29.00
916,29.00,54.00,29.00
917,29.00,54.00,28.00
918,29.00,57.00,29.00
919,29.00,54.00,29.00
920,29.00,54.00,28.00
921,29.00,54.00,28.00
922,29.00,54.00,28.00
923,29.00,54.00,28.00
924,29.00,54.00,28.00
925,29.00,54.00,28.00
926,29.00,56.00,28.00
927,29.00,54.00,28.00
928,29.00,54.00,28.00
929,29.00,54.00,28.00
930,29.00,57.00,28.00
931,29.00,55.00,28.00
932,29.00,54.00,28.00
933,29.00,54.00,28.00
934,29.00,56.00,28.00
935,29.00,56.00,28.00
936,29.00,54.00,28.00
937,29.00,54.00,28.00
938,29.00,54.00,28.00
939,29.00,54.00,28.00
940,29.00,54.00,28.00
941,29.00,54.00,28.00
942,29.00,54.00,28.00
943,29.00,54.00,28.00
944,29.00,54.00,28.00
945,29.00,54.00,28.00
946,29.00,54.00,28.00
947,29.00,54.00,28.00
948,29.00,54.00,28.00
949,29.00,54.00,29.00
950,29.00,54.00,29.00
951,29.00,54.00,29.00
952,29.00,54.00,29.00
953,29.00,54.00,29.00
954,29.00,57.00,29.00
955,29.00,54.00,28.00
956,29.00,54.00,28.00
957,29.00,54.00,30.00
958,29.00,54.00,28.00
959,29.00,54.00,28.00
960,29.00,54.00,29.00
961,29.00,54.00,29.00
962,29.00,54.00,30.00
963,29.00,54.00,28.00
964,29.00,54.00,29.00
965,29.00,54.00,28.00
966,29.00,54.00,30.00
967,30.00,55.00,28.00
968,29.00,54.00,30.00
969,29.00,54.00,28.00
970,29.00,54.00,28.00
971,29.00,53.00,30.00
972,29.00,54.00,28.00
973,29.00,54.00,28.00
974,29.00,53.00,28.00
975,29.00,53.00,28.00
976,29.00,53.00,28.00
977,29.00,53.00,28.00
978,29.00,53.00,28.00
979,29.00,53.00,28.00
980,29.00,53.00,28.00
981,29.00,53.00,28.00
982,29.00,53.00,28.00
983,29.00,53.00,28.00
984,28.00,53.00,28.00
985,29.00,54.00,28.00
986,29.00,53.00,28.00
987,29.00,53.00,28.00
988,29.00,53.00,29.00
989,29.00,53.00,30.00
990,29.00,53.00,28.00
991,29.00,53.00,28.00
992,29.00,53.00,28.00
993,29.00,53.00,28.00
994,29.00,53.00,28.00
995,29.00,53.00,28.00
996,29.00,53.00,30.00
997,29.00,53.00,28.00
998,29.00,53.00,28.00
999,29.00,53.00,28.00
1000,29.00,53.00,28.00
1001,29.00,53.00,28.00
1002,29.00,53.00,28.00
1003,29.00,53.00,28.00
1004,29.00,53.00,28.00
1005,29.00,53.00,28.00
1006,29.00,53.00,28.00
1007,29.00,53.00,28.00
1008,29.00,53.00,28.00
1009,29.00,53.00,28.00
1010,30.00,53.00,28.00
1011,29.00,53.00,28.00
1012,29.00,53.00,28.00
1013,29.00,53.00,28.00
1014,29.00,53.00,28.00
1015,29.00,53.00,28.00
1016,29.00,53.00,28.00
1017,29.00,53.00,28.00
1018,30.00,53.00,28.00
1019,29.00,53.00,28.00
1020,29.00,53.00,28.00
1021,29.00,53.00,28.00
1022,29.00,53.00,28.00
1023,29.00,53.00,28.00
1024,29.00,53.00,28.00
1025,29.00,53.00,28.00
1026,29.00,53.00,28.00
1027,29.00,53.00,28.00
1028,29.00,53.00,28.00
1029,29.00,53.00,28.00
1030,29.00,52.00,28.00
1031,29.00,52.00,28.00
1032,29.00,52.00,28.00
1033,29.00,52.00,28.00
1034,29.00,52.00,28.00
1035,29.00,53.00,28.00
1036,29.00,52.00,28.00
1037,29.00,52.00,28.00
1038,29.00,52.00,28.00
1039,29.00,52.00,28.00
1040,29.00,52.00,28.00
1041,29.00,52.00,28.00
1042,29.00,52.00,28.00
1043,29.00,52.00,28.00
1044,29.00,52.00,28.00
1045,29.00,52.00,28.00
1046,29.00,52.00,28.00
1047,29.00,52.00,28.00
1048,29.00,52.00,28.00
1049,29.00,52.00,28.00
1050,29.00,52.00,28.00
1051,29.00,52.00,28.00
1052,29.00,52.00,28.00
1053,29.00,52.00,28.00
1054,29.00,52.00,28.00
1055,29.00,52.00,28.00
1056,29.00,52.00,28.00
1057,29.00,52.00,29.00
1058,29.00,52.00,29.00
1059,29.00,52.00,29.00
1060,29.00,52.00,29.00
1061,29.00,52.00,29.00
1062,29.00,52.00,29.00
1063,29.00,52.00,28.00
1064,29.00,52.00,28.00
1065,29.00,52.00,28.00
1066,29.00,52.00,28.00
1067,29.00,52.00,28.00
1068,29.00,52.00,28.00
1069,29.00,52.00,28.00
1070,29.00,52.00,28.00
1071,29.00,52.00,28.00
1072,29.00,52.00,28.00
1073,29.00,52.00,28.00
1074,29.00,52.00,28.00
1075,29.00,52.00,28.00
1076,29.00,52.00,28.00
1077,29.00,52.00,28.00
1078,29.00,52.00,28.00
1079,29.00,52.00,28.00
1080,29.00,52.00,28.00
1081,29.00,52.00,28.00
1082,29.00,52.00,28.00
1083,29.00,52.00,28.00
1084,29.00,52.00,28.00
1085,29.00,52.00,28.00
1086,29.00,52.00,28.00
1087,29.00,52.00,28.00
1088,29.00,52.00,28.00
1089,29.00,52.00,28.00
1090,29.00,52.00,28.00
1091,29.00,52.00,28.00
1092,29.00,55.00,28.00
1093,29.00,52.00,28.00
1094,29.00,52.00,30.00
1095,29.00,52.00,28.00
1096,30.00,52.00,28.00
1097,29.00,52.00,28.00
1098,29.00,53.00,28.00
1099,29.00,52.00,28.00
1100,29.00,52.00,28.00
1101,29.00,52.00,28.00
1102,29.00,52.00,27.00
1103,29.00,52.00,28.00
1104,29.00,55.00,28.00
1105,29.00,52.00,28.00
1106,29.00,52.00,29.00
1107,29.00,51.00,28.00
1108,30.00,52.00,28.00
1109,29.00,52.00,28.00
1110,29.00,52.00,30.00
1111,29.00,52.00,28.00
1112,29.00,52.00,28.00
1113,29.00,52.00,28.00
1114,29.00,52.00,28.00
1115,29.00,52.00,28.00
1116,30.00,52.00,28.00
1117,29.00,52.00,28.00
1118,29.00,51.00,28.00
1119,29.00,51.00,28.00
1120,29.00,51.00,28.00
1121,29.00,51.00,28.00
1122,29.00,51.00,28.00
1123,29.00,51.00,28.00
1124,29.00,51.00,28.00
1125,29.00,51.00,28.00
1126,29.00,51.00,29.00
1127,29.00,51.00,28.00
1128,29.00,54.00,28.00
1129,29.00,51.00,28.00
1130,29.00,55.00,28.00
1131,29.00,51.00,28.00
1132,30.00,52.00,28.00
1133,29.00,52.00,28.00
1134,29.00,52.00,28.00
1135,29.00,51.00,28.00
1136,28.00,51.00,28.00
1137,29.00,52.00,28.00
1138,29.00,51.00,28.00
1139,29.00,51.00,28.00
1140,29.00,51.00,28.00
1141,29.00,53.00,28.00
1142,29.00,51.00,28.00
1143,29.00,51.00,28.00
1144,29.00,52.00,28.00
1145,29.00,51.00,28.00
1146,29.00,51.00,28.00
1147,28.00,51.00,28.00
1148,29.00,52.00,28.00
1149,29.00,51.00,28.00
1150,29.00,51.00,28.00
1151,29.00,51.00,28.00
1152,28.00,51.00,28.00
1153,29.00,52.00,28.00
1154,29.00,51.00,28.00
1155,28.00,51.00,28.00
1156,28.00,52.00,28.00
1157,28.00,52.00,28.00
1158,28.00,52.00,28.00
1159,28.00,52.00,28.00
1160,28.00,52.00,28.00
1161,28.00,52.00,28.00
1162,28.00,52.00,28.00
1163,28.00,53.00,28.00
1164,28.00,53.00,28.00
1165,28.00,53.00,28.00
1166,28.00,53.00,28.00
1167,28.00,53.00,28.00
1168,28.00,53.00,28.00
1169,28.00,53.00,28.00
1170,28.00,53.00,28.00
1171,28.00,52.00,28.00
1172,28.00,53.00,28.00
1173,28.00,55.00,28.00
1174,28.00,53.00,28.00
1175,28.00,53.00,28.00
1176,28.00,53.00,28.00
1177,28.00,53.00,28.00
1178,28.00,53.00,28.00
1179,28.00,53.00,28.00
1180,28.00,53.00,28.00
1181,28.00,53.00,28.00
1182,28.00,53.00,28.00
1183,28.00,53.00,28.00
1184,28.00,53.00,28.00
1185,29.00,53.00,28.00
1186,29.00,53.00,28.00
1187,29.00,52.00,28.00
1188,29.00,55.00,28.00
1189,29.00,52.00,28.00
1190,29.00,53.00,28.00
1191,28.00,52.00,28.00
1192,28.00,53.00,28.00
1193,30.00,53.00,28.00
1194,28.00,52.00,28.00
1195,28.00,53.00,28.00
1196,29.00,53.00,28.00
1197,29.00,52.00,28.00
1198,30.00,53.00,28.00
1199,28.00,52.00,28.00
1200,29.00,53.00,28.00
1201,28.00,51.00,28.00
1202,30.00,56.00,28.00
1203,28.00,51.00,28.00
1204,30.00,52.00,28.00
1205,28.00,51.00,28.00
1206,28.00,55.00,28.00
1207,30.00,52.00,28.00
1208,28.00,51.00,28.00
1209,28.00,52.00,28.00
1210,28.00,55.00,28.00
1211,28.00,52.00,28.00
1212,28.00,52.00,28.00
1213,28.00,52.00,28.00
1214,28.00,56.00,28.00
1215,28.00,53.00,28.00
1216,28.00,52.00,28.00
1217,28.00,53.00,28.00
1218,28.00,55.00,28.00
1219,28.00,52.00,28.00
1220,28.00,53.00,28.00
1221,28.00,52.00,28.00
1222,28.00,52.00,28.00
1223,28.00,52.00,28.00
1224,29.00,52.00,28.00
1225,30.00,51.00,28.00
1226,28.00,54.00,28.00
1227,28.00,52.00,28.00
1228,28.00,52.00,28.00
1229,28.00,52.00,28.00
1230,28.00,52.00,28.00
1231,28.00,52.00,28.00
1232,30.00,52.00,28.00
1233,28.00,51.00,28.00
1234,28.00,52.00,28.00
1235,28.00,52.00,28.00
1236,28.00,55.00,28.00
1237,28.00,52.00,28.00
1238,28.00,52.00,28.00
1239,28.00,52.00,28.00
1240,28.00,54.00,28.00
1241,28.00,51.00,28.00
1242,28.00,51.00,28.00
1243,28.00,51.00,28.00
1244,28.00,51.00,28.00
1245,28.00,54.00,28.00
1246,28.00,51.00,28.00
1247,28.00,51.00,28.00
1248,28.00,51.00,28.00
1249,28.00,51.00,28.00
1250,28.00,51.00,28.00
1251,28.00,51.00,28.00
1252,28.00,51.00,28.00
1253,28.00,52.00,28.00
1254,28.00,52.00,28.00
1255,28.00,52.00,28.00
1256,28.00,51.00,28.00
1257,28.00,51.00,28.00
1258,28.00,51.00,28.00
1259,28.00,51.00,28.00
1260,28.00,51.00,28.00
1261,28.00,52.00,28.00
1262,28.00,51.00,28.00
1263,28.00,51.00,28.00
1264,28.00,52.00,28.00
1265,28.00,52.00,28.00
1266,28.00,52.00,28.00
1267,28.00,52.00,28.00
1268,28.00,52.00,28.00
1269,28.00,52.00,28.00
1270,28.00,52.00,28.00
1271,28.00,52.00,28.00
1272,28.00,52.00,28.00
1273,28.00,53.00,28.00
1274,28.00,54.00,28.00
1275,28.00,52.00,28.00
1276,28.00,53.00,28.00
1277,28.00,53.00,28.00
1278,28.00,53.00,28.00
1279,28.00,52.00,28.00
1280,28.00,53.00,28.00
1281,28.00,54.00,28.00
1282,28.00,52.00,28.00
1283,28.00,52.00,28.00
1284,28.00,52.00,28.00
1285,28.00,54.00,28.00
1286,28.00,53.00,28.00
1287,28.00,51.00,28.00
1288,28.00,53.00,28.00
1289,28.00,54.00,28.00
1290,28.00,52.00,28.00
1291,28.00,52.00,28.00
1292,28.00,53.00,28.00
1293,29.00,54.00,28.00
1294,29.00,53.00,28.00
1295,29.00,51.00,28.00
1296,29.00,51.00,28.00
1297,29.00,53.00,28.00
1298,29.00,53.00,28.00
1299,28.00,51.00,28.00
1300,28.00,52.00,28.00
1301,28.00,54.00,28.00
1302,28.00,54.00,28.00
1303,28.00,54.00,28.00
1304,28.00,52.00,28.00
1305,28.00,55.00,28.00
1306,28.00,53.00,28.00
1307,28.00,55.00,28.00
1308,28.00,52.00,28.00
1309,28.00,55.00,28.00
1310,28.00,54.00,28.00
1311,28.00,54.00,28.00
1312,28.00,52.00,28.00
1313,28.00,55.00,28.00
1314,28.00,55.00,28.00
1315,28.00,55.00,28.00
1316,28.00,52.00,28.00
1317,28.00,55.00,28.00
1318,28.00,54.00,28.00
1319,28.00,55.00,28.00
1320,28.00,52.00,28.00
1321,28.00,55.00,28.00
1322,28.00,55.00,28.00
1323,28.00,55.00,28.00
1324,28.00,55.00,28.00
1325,28.00,55.00,28.00
1326,28.00,56.00,28.00
1327,28.00,55.00,28.00
1328,28.00,53.00,28.00
1329,28.00,55.00,28.00
1330,28.00,55.00,28.00
1331,30.00,55.00,28.00
1332,28.00,52.00,28.00
1333,28.00,54.00,28.00
1334,28.00,55.00,28.00
1335,28.00,55.00,28.00
1336,28.00,53.00,28.00
1337,28.00,56.00,28.00
1338,28.00,56.00,28.00
1339,27.00,56.00,28.00
1340,28.00,52.00,28.00
1341,28.00,56.00,28.00
1342,28.00,53.00,28.00
1343,29.00,53.00,28.00
1344,28.00,52.00,28.00
1345,28.00,56.00,28.00
1346,28.00,56.00,28.00
1347,30.00,56.00,28.00
1348,28.00,53.00,28.00
1349,28.00,56.00,28.00
1350,28.00,56.00,28.00
1351,28.00,56.00,28.00
1352,28.00,54.00,28.00
1353,28.00,57.00,28.00
1354,28.00,55.00,28.00
1355,28.00,57.00,28.00
1356,28.00,54.00,28.00
1357,28.00,54.00,28.00
1358,28.00,56.00,28.00
1359,28.00,57.00,28.00
1360,28.00,54.00,28.00
1361,28.00,57.00,28.00
1362,28.00,57.00,28.00
1363,29.00,54.00,28.00
1364,28.00,53.00,28.00
1365,28.00,54.00,28.00
1366,28.00,57.00,28.00
1367,28.00,55.00,28.00
1368,28.00,55.00,28.00
1369,28.00,55.00,28.00
1370,28.00,55.00,28.00
1371,28.00,55.00,28.00
1372,28.00,55.00,28.00
1373,28.00,55.00,28.00
1374,28.00,55.00,28.00
1375,28.00,55.00,28.00
1376,28.00,55.00,28.00
1377,28.00,55.00,28.00
1378,28.00,58.00,28.00
1379,28.00,55.00,28.00
1380,28.00,55.00,28.00
1381,28.00,55.00,28.00
1382,28.00,58.00,28.00
1383,28.00,58.00,28.00
1384,28.00,56.00,28.00
1385,28.00,56.00,28.00
1386,28.00,56.00,28.00
1387,28.00,56.00,28.00
1388,28.00,56.00,28.00
1389,28.00,56.00,28.00
1390,28.00,58.00,28.00
1391,28.00,56.00,28.00
1392,28.00,56.00,28.00
1393,28.00,56.00,28.00
1394,28.00,56.00,28.00
1395,28.00,56.00,28.00
1396,28.00,56.00,28.00
1397,28.00,56.00,28.00
1398,28.00,59.00,28.00
1399,28.00,59.00,28.00
1400,28.00,56.00,28.00
1401,28.00,59.00,28.00
1402,28.00,56.00,28.00
1403,28.00,56.00,28.00
1404,28.00,56.00,28.00
1405,28.00,56.00,28.00
1406,28.00,59.00,28.00
1407,28.00,57.00,28.00
1408,28.00,57.00,28.00
1409,28.00,57.00,28.00
1410,28.00,57.00,28.00
1411,28.00,57.00,28.00
1412,28.00,57.00,28.00
1413,28.00,57.00,28.00
1414,28.00,57.00,28.00
1415,28.00,57.00,28.00
1416,28.00,57.00,28.00
1417,28.00,57.00,28.00
1418,28.00,56.00,28.00
1419,28.00,57.00,28.00
1420,28.00,57.00,28.00
1421,28.00,57.00,28.00
1422,28.00,57.00,28.00
1423,28.00,57.00,28.00
1424,28.00,57.00,28.00
1425,28.00,57.00,28.00
1426,28.00,57.00,28.00
1427,28.00,57.00,28.00
1428,28.00,57.00,28.00
1429,28.00,57.00,28.00
1430,28.00,58.00,28.00
1431,28.00,57.00,28.00
1432,28.00,57.00,28.00
1433,28.00,57.00,28.00
1434,28.00,57.00,28.00
1435,28.00,57.00,28.00
1436,28.00,57.00,28.00
1437,28.00,57.00,28.00
1438,28.00,57.00,28.00
1439,28.00,57.00,28.00
1440,28.00,57.00,28.00
1441,28.00,57.00,28.00
1442,28.00,57.00,28.00
1443,28.00,57.00,28.00
1444,28.00,57.00,28.00
1445,28.00,57.00,28.00
1446,28.00,57.00,28.00
1447,28.00,57.00,28.00
1448,28.00,57.00,28.00
1449,28.00,57.00,29.00
1450,28.00,57.00,28.00
1451,28.00,57.00,28.00
1452,28.00,57.00,28.00
1453,28.00,57.00,28.00
1454,28.00,57.00,28.00
1455,28.00,57.00,28.00
1456,28.00,57.00,28.00
1457,28.00,57.00,28.00
1458,28.00,57.00,28.00
1459,28.00,57.00,28.00
1460,28.00,57.00,28.00
1461,28.00,57.00,28.00
1462,28.00,57.00,28.00
1463,28.00,57.00,28.00
1464,28.00,57.00,28.00
1465,28.00,57.00,28.00
1466,28.00,57.00,28.00
1467,28.00,57.00,28.00
1468,28.00,57.00,28.00
1469,28.00,57.00,28.00
1470,28.00,57.00,28.00
1471,28.00,57.00,28.00
1472,28.00,57.00,28.00
1473,28.00,57.00,28.00
1474,28.00,57.00,28.00
1475,28.00,57.00,28.00
1476,28.00,57.00,28.00
1477,28.00,57.00,28.00
1478,28.00,57.00,28.00
1479,28.00,57.00,28.00
1480,28.00,57.00,28.00
1481,28.00,57.00,28.00
1482,28.00,57.00,28.00
1483,28.00,57.00,28.00
1484,28.00,57.00,28.00
1485,28.00,57.00,28.00
1486,28.00,57.00,28.00
1487,28.00,57.00,28.00
1488,28.00,57.00,28.00
1489,28.00,57.00,28.00
1490,28.00,57.00,28.00
1491,28.00,57.00,28.00
1492,28.00,57.00,28.00
1493,28.00,57.00,28.00
1494,28.00,57.00,28.00
1495,28.00,57.00,28.00
1496,28.00,57.00,28.00
1497,28.00,57.00,28.00
1498,28.00,57.00,28.00
1499,28.00,57.00,28.00
1500,28.00,57.00,28.00
1501,28.00,57.00,28.00
1502,28.00,57.00,28.00
1503,28.00,57.00,28.00
1504,28.00,57.00,28.00
1505,28.00,57.00,28.00
1506,28.00,57.00,28.00
1507,28.00,57.00,28.00
1508,28.00,57.00,28.00
1509,28.00,57.00,28.00
1510,28.00,59.00,28.00
1511,28.00,60.00,28.00
1512,28.00,57.00,29.00
1513,28.00,57.00,28.00
1514,28.00,57.00,28.00
1515,28.00,58.00,28.00
1516,28.00,58.00,26.00
1517,28.00,58.00,29.00
1518,28.00,58.00,28.00
1519,28.00,58.00,28.00
1520,28.00,58.00,28.00
1521,28.00,57.00,28.00
1522,28.00,58.00,28.00
1523,28.00,58.00,28.00
1524,28.00,58.00,28.00
1525,28.00,58.00,28.00
1526,28.00,58.00,28.00
1527,28.00,58.00,28.00
1528,28.00,58.00,29.00
1529,28.00,58.00,28.00
1530,28.00,58.00,28.00
1531,28.00,58.00,28.00
1532,28.00,58.00,28.00
1533,28.00,58.00,28.00
1534,28.00,58.00,28.00
1535,28.00,58.00,29.00
1536,28.00,58.00,26.00
1537,28.00,58.00,27.00
1538,28.00,58.00,28.00
1539,28.00,58.00,29.00
1540,28.00,58.00,27.00
1541,28.00,58.00,27.00
1542,28.00,59.00,28.00
1543,28.00,59.00,28.00
1544,28.00,59.00,27.00
1545,28.00,60.00,27.00
1546,28.00,59.00,27.00
1547,28.00,59.00,27.00
1548,28.00,59.00,27.00
1549,28.00,60.00,27.00
1550,28.00,59.00,27.00
1551,28.00,59.00,27.00
1552,28.00,59.00,27.00
1553,28.00,59.00,27.00
1554,28.00,59.00,27.00
1555,28.00,59.00,27.00
1556,28.00,59.00,27.00
1557,28.00,59.00,28.00
1558,28.00,59.00,27.00
1559,28.00,59.00,27.00
1560,28.00,59.00,27.00
1561,28.00,59.00,27.00
1562,28.00,59.00,27.00
1563,28.00,59.00,27.00
1564,28.00,60.00,27.00
1565,28.00,60.00,27.00
1566,28.00,60.00,27.00
1567,28.00,60.00,27.00
1568,28.00,60.00,27.00
1569,28.00,60.00,27.00
1570,28.00,60.00,27.00
1571,28.00,60.00,27.00
1572,28.00,60.00,27.00
1573,28.00,60.00,27.00
1574,28.00,60.00,27.00
1575,28.00,60.00,27.00
1576,28.00,60.00,27.00
1577,28.00,60.00,29.00
1578,28.00,60.00,27.00
1579,28.00,60.00,27.00
1580,28.00,60.00,27.00
1581,28.00,60.00,28.00
1582,28.00,60.00,28.00
1583,28.00,60.00,28.00
1584,28.00,60.00,28.00
1585,28.00,60.00,28.00
1586,28.00,60.00,28.00
1587,28.00,60.00,28.00
1588,28.00,60.00,27.00
1589,28.00,60.00,28.00
1590,28.00,60.00,27.00
1591,28.00,60.00,27.00
1592,28.00,60.00,27.00
1593,28.00,60.00,28.00
1594,28.00,60.00,27.00
1595,28.00,60.00,28.00
1596,28.00,60.00,27.00
1597,28.00,60.00,28.00
1598,28.00,60.00,27.00
1599,28.00,60.00,28.00
1600,28.00,60.00,28.00
1601,28.00,60.00,27.00
1602,28.00,60.00,27.00
1603,28.00,60.00,27.00
1604,28.00,60.00,27.00
1605,28.00,60.00,27.00
1606,28.00,60.00,27.00
1607,28.00,60.00,27.00
1608,28.00,60.00,27.00
1609,28.00,60.00,27.00
1610,28.00,60.00,27.00
1611,28.00,60.00,27.00
1612,28.00,60.00,27.00
1613,28.00,60.00,27.00
1614,28.00,60.00,27.00
1615,28.00,60.00,27.00
1616,28.00,60.00,27.00
1617,28.00,60.00,27.00
1618,28.00,60.00,28.00
1619,28.00,60.00,28.00
1620,28.00,60.00,28.00
1621,28.00,60.00,28.00
1622,28.00,60.00,28.00
1623,28.00,60.00,28.00
1624,28.00,60.00,27.00
1625,28.00,60.00,27.00
1626,28.00,61.00,27.00
1627,28.00,61.00,27.00
1628,28.00,61.00,27.00
1629,28.00,61.00,27.00
1630,28.00,61.00,27.00
1631,28.00,61.00,27.00
1632,28.00,61.00,27.00
1633,28.00,61.00,27.00
1634,28.00,61.00,27.00
1635,28.00,61.00,27.00
1636,28.00,61.00,27.00
1637,28.00,61.00,27.00
1638,28.00,61.00,28.00
1639,28.00,61.00,27.00
1640,28.00,61.00,27.00
1641,28.00,61.00,27.00
1642,28.00,61.00,27.00
1643,28.00,61.00,27.00
1644,28.00,61.00,27.00
1645,28.00,61.00,27.00
1646,28.00,61.00,27.00
1647,28.00,61.00,27.00
1648,28.00,61.00,27.00
1649,28.00,61.00,27.00
1650,28.00,61.00,27.00
1651,28.00,61.00,27.00
1652,28.00,61.00,27.00
1653,28.00,61.00,27.00
1654,28.00,61.00,27.00
1655,28.00,61.00,27.00
1656,28.00,61.00,27.00
1657,28.00,61.00,27.00
1658,28.00,61.00,27.00
1659,28.00,61.00,27.00
1660,28.00,61.00,28.00
1661,28.00,61.00,27.00
1662,28.00,61.00,27.00
1663,28.00,61.00,27.00
1664,28.00,61.00,27.00
1665,28.00,61.00,28.00
1666,28.00,61.00,27.00
1667,28.00,61.00,27.00
1668,28.00,61.00,28.00
1669,28.00,61.00,28.00
1670,28.00,61.00,28.00
1671,28.00,61.00,28.00
1672,28.00,61.00,27.00
1673,28.00,61.00,27.00
1674,28.00,61.00,27.00
1675,28.00,61.00,28.00
1676,28.00,61.00,28.00
1677,28.00,61.00,27.00
1678,28.00,61.00,28.00
1679,28.00,61.00,28.00
1680,28.00,61.00,28.00
1681,28.00,61.00,28.00
1682,28.00,61.00,27.00
1683,28.00,61.00,27.00
1684,28.00,61.00,28.00
1685,29.00,61.00,27.00
1686,28.00,60.00,27.00
1687,28.00,61.00,27.00
1688,28.00,61.00,27.00
1689,28.00,61.00,27.00
1690,28.00,61.00,27.00
1691,28.00,61.00,27.00
1692,28.00,61.00,27.00
1693,28.00,61.00,27.00
1694,28.00,61.00,27.00
1695,28.00,61.00,27.00
1696,28.00,61.00,27.00
1697,28.00,61.00,27.00
1698,28.00,61.00,27.00
1699,28.00,61.00,27.00
1700,28.00,61.00,27.00
1701,28.00,61.00,27.00
1702,28.00,61.00,27.00
1703,28.00,61.00,27.00
1704,28.00,61.00,27.00
1705,28.00,61.00,27.00
1706,28.00,61.00,27.00
1707,28.00,61.00,27.00
1708,28.00,61.00,27.00
1709,28.00,61.00,27.00
1710,28.00,61.00,27.00
1711,28.00,61.00,27.00
1712,28.00,61.00,27.00
1713,28.00,61.00,27.00
1714,28.00,61.00,27.00
1715,28.00,61.00,27.00
1716,28.00,61.00,27.00
1717,28.00,61.00,27.00
1718,28.00,61.00,27.00
1719,28.00,61.00,27.00
1720,28.00,61.00,27.00
1721,28.00,61.00,27.00
1722,28.00,61.00,27.00
1723,28.00,61.00,27.00
1724,28.00,61.00,27.00
1725,28.00,61.00,27.00
1726,28.00,61.00,27.00
1727,28.00,62.00,27.00
1728,28.00,61.00,27.00
1729,28.00,61.00,27.00
1730,28.00,61.00,27.00
1731,28.00,61.00,29.00
1732,28.00,61.00,27.00
1733,28.00,61.00,28.00
1734,28.00,61.00,28.00
1735,28.00,61.00,27.00
1736,28.00,61.00,27.00
1737,28.00,61.00,27.00
1738,28.00,61.00,27.00
1739,28.00,61.00,27.00
1740,28.00,61.00,27.00
1741,28.00,61.00,27.00
1742,28.00,61.00,27.00
1743,28.00,62.00,27.00
1744,28.00,61.00,27.00
1745,28.00,61.00,27.00
1746,28.00,61.00,27.00
1747,28.00,62.00,29.00
1748,29.00,61.00,27.00
1749,28.00,60.00,28.00
1750,28.00,61.00,28.00
1751,28.00,61.00,28.00
1752,26.00,61.00,28.00
1753,29.00,61.00,28.00
1754,28.00,60.00,28.00
1755,28.00,62.00,28.00
1756,28.00,61.00,28.00
1757,28.00,61.00,28.00
1758,28.00,61.00,27.00
1759,28.00,62.00,27.00
1760,28.00,61.00,27.00
1761,28.00,61.00,27.00
1762,28.00,61.00,27.00
1763,28.00,61.00,27.00
1764,29.00,61.00,27.00
1765,28.00,60.00,27.00
1766,28.00,61.00,27.00
1767,28.00,62.00,28.00
1768,28.00,61.00,27.00
1769,28.00,61.00,27.00
1770,28.00,63.00,27.00
1771,29.00,63.00,27.00
1772,26.00,60.00,27.00
1773,27.00,61.00,27.00
1774,28.00,61.00,27.00
1775,29.00,61.00,27.00
1776,27.00,60.00,28.00
1777,27.00,61.00,27.00
1778,28.00,61.00,27.00
1779,28.00,61.00,27.00
1780,27.00,61.00,27.00
1781,27.00,61.00,27.00
1782,27.00,61.00,27.00
1783,27.00,61.00,27.00
1784,27.00,61.00,27.00
1785,27.00,61.00,27.00
1786,27.00,61.00,27.00
1787,27.00,61.00,27.00
1788,27.00,61.00,27.00
1789,27.00,61.00,27.00
1790,27.00,61.00,27.00
1791,27.00,64.00,27.00
1792,27.00,64.00,27.00
1793,27.00,61.00,27.00
1794,28.00,61.00,27.00
1795,27.00,61.00,27.00
1796,27.00,61.00,27.00
1797,27.00,61.00,27.00
1798,27.00,61.00,27.00
1799,27.00,61.00,27.00
1800,27.00,61.00,27.00
1801,27.00,61.00,27.00
1802,27.00,61.00,27.00
1803,27.00,63.00,27.00
1804,27.00,61.00,27.00
1805,27.00,61.00,27.00
1806,27.00,61.00,27.00
1807,27.00,61.00,27.00
1808,27.00,61.00,27.00
1809,27.00,61.00,27.00
1810,27.00,61.00,27.00
1811,27.00,61.00,27.00
1812,27.00,61.00,27.00
1813,27.00,61.00,27.00
1814,29.00,61.00,27.00
1815,27.00,60.00,27.00
1816,27.00,61.00,27.00
1817,27.00,61.00,27.00
1818,28.00,61.00,27.00
1819,28.00,61.00,27.00
1820,28.00,61.00,27.00
1821,28.00,61.00,27.00
1822,28.00,61.00,27.00
1823,28.00,61.00,27.00
1824,28.00,61.00,27.00
1825,27.00,61.00,27.00
1826,28.00,61.00,27.00
1827,27.00,61.00,27.00
1828,27.00,61.00,27.00
1829,27.00,61.00,27.00
1830,28.00,61.00,27.00
1831,27.00,61.00,27.00
1832,28.00,61.00,27.00
1833,27.00,61.00,27.00
1834,28.00,61.00,27.00
1835,27.00,61.00,27.00
1836,28.00,61.00,27.00
1837,28.00,61.00,27.00
1838,27.00,61.00,27.00
1839,27.00,61.00,27.00
1840,27.00,61.00,27.00
1841,27.00,61.00,27.00
1842,27.00,61.00,27.00
1843,27.00,61.00,27.00
1844,27.00,61.00,27.00
1845,27.00,62.00,27.00
1846,27.00,62.00,27.00
1847,27.00,61.00,27.00
1848,27.00,62.00,27.00
1849,27.00,61.00,27.00
1850,27.00,62.00,27.00
1851,27.00,61.00,27.00
1852,27.00,63.00,27.00
1853,27.00,63.00,27.00
1854,27.00,62.00,27.00
1855,28.00,61.00,27.00
1856,28.00,63.00,27.00
1857,28.00,64.00,27.00
1858,28.00,63.00,27.00
1859,28.00,61.00,27.00
1860,28.00,61.00,27.00
1861,27.00,63.00,27.00
1862,27.00,63.00,27.00
1863,27.00,61.00,27.00
1864,27.00,63.00,27.00
1865,27.00,61.00,27.00
1866,27.00,63.00,27.00
1867,27.00,61.00,27.00
1868,27.00,61.00,27.00
1869,27.00,64.00,27.00
1870,27.00,61.00,27.00
1871,27.00,61.00,27.00
1872,27.00,61.00,29.00
1873,27.00,61.00,27.00
1874,27.00,64.00,27.00
1875,28.00,62.00,27.00
1876,27.00,64.00,27.00
1877,27.00,62.00,27.00
1878,27.00,62.00,27.00
1879,27.00,62.00,27.00
1880,27.00,62.00,27.00
1881,27.00,62.00,27.00
1882,27.00,64.00,27.00
1883,27.00,62.00,27.00
1884,27.00,62.00,27.00
1885,27.00,62.00,27.00
1886,27.00,62.00,27.00
1887,27.00,62.00,27.00
1888,27.00,62.00,27.00
1889,27.00,62.00,27.00
1890,27.00,62.00,27.00
1891,27.00,62.00,27.00
1892,27.00,62.00,27.00
1893,27.00,62.00,27.00
1894,27.00,62.00,27.00
1895,27.00,62.00,27.00
1896,27.00,62.00,27.00
1897,28.00,62.00,27.00
1898,27.00,62.00,27.00
1899,27.00,62.00,27.00
1900,27.00,62.00,27.00
1901,27.00,62.00,27.00
1902,28.00,62.00,27.00
1903,27.00,62.00,27.00
1904,27.00,62.00,27.00
1905,28.00,62.00,27.00
1906,28.00,62.00,27.00
1907,28.00,62.00,27.00
1908,28.00,62.00,27.00
1909,27.00,62.00,27.00
1910,27.00,62.00,27.00
1911,27.00,62.00,27.00
1912,28.00,62.00,27.00
1913,28.00,62.00,27.00
1914,27.00,62.00,27.00
1915,28.00,62.00,27.00
1916,28.00,62.00,27.00
1917,28.00,62.00,27.00
1918,28.00,62.00,27.00
1919,27.00,62.00,27.00
1920,27.00,62.00,27.00
1921,28.00,62.00,27.00
1922,27.00,62.00,27.00
1923,27.00,62.00,27.00
1924,27.00,62.00,27.00
1925,27.00,62.00,27.00
1926,27.00,62.00,27.00
1927,27.00,62.00,27.00
1928,27.00,62.00,27.00
1929,27.00,62.00,27.00
1930,27.00,62.00,27.00
1931,27.00,62.00,27.00
1932,27.00,62.00,27.00
1933,27.00,62.00,27.00
1934,27.00,62.00,27.00
1935,27.00,62.00,27.00
1936,27.00,62.00,27.00
1937,27.00,62.00,27.00
1938,27.00,62.00,27.00
1939,27.00,62.00,27.00
1940,27.00,62.00,27.00
1941,27.00,62.00,27.00
1942,27.00,62.00,27.00
1943,27.00,62.00,27.00
1944,27.00,62.00,27.00
1945,27.00,62.00,27.00
1946,27.00,62.00,27.00
1947,27.00,62.00,27.00
1948,27.00,62.00,27.00
1949,27.00,62.00,27.00
1950,27.00,62.00,27.00
1951,27.00,62.00,27.00
1952,27.00,62.00,27.00
1953,27.00,62.00,27.00
1954,27.00,62.00,27.00
1955,27.00,62.00,27.00
1956,27.00,62.00,27.00
1957,27.00,62.00,27.00
1958,27.00,62.00,27.00
1959,27.00,62.00,27.00
1960,27.00,62.00,27.00
1961,27.00,62.00,27.00
1962,27.00,62.00,27.00
1963,27.00,62.00,27.00
1964,27.00,62.00,27.00
1965,27.00,62.00,27.00
1966,27.00,62.00,27.00
1967,27.00,62.00,27.00
1968,29.00,62.00,27.00
1969,27.00,64.00,27.00
1970,28.00,62.00,27.00
1971,28.00,62.00,27.00
1972,27.00,62.00,27.00
1973,27.00,62.00,27.00
1974,27.00,62.00,27.00
1975,27.00,62.00,27.00
1976,27.00,62.00,27.00
1977,27.00,62.00,27.00
1978,27.00,62.00,27.00
1979,27.00,62.00,27.00
1980,27.00,62.00,27.00
1981,27.00,64.00,27.00
1982,27.00,62.00,27.00
1983,27.00,62.00,27.00
1984,29.00,62.00,27.00
1985,27.00,61.00,27.00
1986,28.00,62.00,27.00
1987,28.00,62.00,27.00
1988,28.00,62.00,27.00
1989,28.00,62.00,27.00
1990,28.00,62.00,27.00
1991,28.00,62.00,27.00
1992,28.00,62.00,27.00
1993,28.00,62.00,27.00
1994,28.00,62.00,27.00
1995,27.00,62.00,27.00
1996,27.00,62.00,27.00
1997,27.00,62.00,27.00
1998,27.00,62.00,27.00
1999,27.00,62.00,27.00
2000,27.00,62.00,27.00
2001,27.00,62.00,27.00
2002,27.00,62.00,27.00
2003,27.00,62.00,27.00
2004,28.00,62.00,27.00
2005,27.00,64.00,27.00
2006,27.00,62.00,27.00
2007,27.00,63.00,27.00
2008,27.00,63.00,27.00
2009,27.00,63.00,27.00
2010,27.00,63.00,27.00
2011,27.00,63.00,27.00
2012,27.00,63.00,27.00
2013,28.00,63.00,27.00
2014,27.00,64.00,27.00
2015,27.00,64.00,27.00
2016,27.00,64.00,27.00
2017,27.00,64.00,27.00
2018,27.00,65.00,27.00
2019,27.00,64.00,27.00
2020,27.00,64.00,27.00
2021,27.00,64.00,27.00
2022,27.00,64.00,27.00
2023,27.00,64.00,27.00
2024,27.00,64.00,27.00
2025,27.00,64.00,27.00
2026,27.00,64.00,27.00
2027,27.00,64.00,27.00
2028,27.00,64.00,27.00
2029,27.00,64.00,27.00
2030,27.00,64.00,27.00
2031,27.00,64.00,27.00
2032,27.00,65.00,27.00
2033,27.00,67.00,27.00
2034,27.00,65.00,27.00
2035,27.00,65.00,27.00
2036,27.00,65.00,27.00
2037,27.00,65.00,27.00
2038,27.00,65.00,27.00
2039,27.00,67.00,27.00
2040,27.00,65.00,27.00
2041,27.00,65.00,27.00
2042,27.00,65.00,27.00
2043,27.00,65.00,27.00
2044,27.00,65.00,27.00
2045,27.00,65.00,27.00
2046,27.00,65.00,27.00
2047,27.00,65.00,27.00
2048,27.00,65.00,27.00
2049,27.00,65.00,27.00
2050,27.00,65.00,27.00
2051,27.00,65.00,27.00
2052,27.00,65.00,27.00
2053,27.00,65.00,27.00
2054,27.00,65.00,27.00
2055,27.00,65.00,27.00
2056,27.00,65.00,27.00
2057,27.00,65.00,27.00
2058,27.00,65.00,27.00
2059,27.00,65.00,27.00
2060,27.00,64.00,27.00
2061,27.00,64.00,27.00
2062,27.00,64.00,27.00
2063,27.00,64.00,27.00
2064,27.00,64.00,27.00
2065,27.00,64.00,27.00
2066,27.00,64.00,27.00
2067,27.00,64.00,27.00
2068,27.00,64.00,27.00
2069,27.00,64.00,27.00
2070,27.00,64.00,27.00
2071,27.00,64.00,27.00
2072,27.00,64.00,27.00
2073,27.00,64.00,27.00
2074,27.00,65.00,27.00
2075,27.00,65.00,27.00
2076,27.00,65.00,27.00
2077,27.00,65.00,27.00
2078,27.00,65.00,27.00
2079,27.00,65.00,27.00
2080,27.00,65.00,27.00
2081,27.00,65.00,27.00
2082,27.00,65.00,27.00
2083,27.00,65.00,27.00
2084,27.00,65.00,27.00
2085,27.00,66.00,27.00
2086,27.00,65.00,27.00
2087,27.00,65.00,27.00
2088,27.00,65.00,27.00
2089,27.00,65.00,27.00
2090,27.00,65.00,27.00
2091,27.00,65.00,27.00
2092,27.00,65.00,27.00
2093,27.00,65.00,27.00
2094,27.00,65.00,27.00
2095,27.00,65.00,27.00
2096,27.00,65.00,27.00
2097,27.00,65.00,27.00
2098,27.00,65.00,27.00
2099,27.00,65.00,27.00
2100,27.00,65.00,27.00
2101,27.00,65.00,27.00
2102,27.00,65.00,27.00
2103,27.00,65.00,27.00
2104,27.00,65.00,27.00
2105,27.00,65.00,27.00
2106,27.00,65.00,27.00
2107,27.00,65.00,27.00
2108,27.00,65.00,27.00
2109,29.00,65.00,27.00
2110,27.00,64.00,27.00
2111,27.00,65.00,27.00
2112,27.00,65.00,27.00
2113,27.00,65.00,27.00
2114,27.00,65.00,27.00
2115,27.00,65.00,27.00
2116,27.00,65.00,27.00
2117,27.00,65.00,27.00
2118,27.00,65.00,27.00
2119,27.00,65.00,27.00
2120,27.00,65.00,27.00
2121,27.00,65.00,27.00
2122,27.00,65.00,27.00
2123,27.00,65.00,27.00
2124,27.00,65.00,27.00
2125,27.00,65.00,27.00
2126,27.00,65.00,27.00
2127,27.00,65.00,27.00
2128,27.00,65.00,27.00
2129,27.00,65.00,27.00
2130,27.00,65.00,27.00
2131,27.00,65.00,27.00
2132,27.00,66.00,27.00
2133,27.00,66.00,27.00
2134,27.00,66.00,27.00
2135,27.00,66.00,27.00
2136,27.00,66.00,27.00
2137,27.00,66.00,27.00
2138,27.00,66.00,27.00
2139,27.00,66.00,27.00
2140,27.00,66.00,27.00
2141,27.00,66.00,27.00
2142,27.00,67.00,27.00
2143,27.00,66.00,27.00
2144,27.00,66.00,27.00
2145,27.00,66.00,27.00
2146,27.00,66.00,27.00
2147,27.00,66.00,27.00
2148,27.00,66.00,27.00
2149,27.00,66.00,27.00
2150,27.00,66.00,27.00
2151,27.00,66.00,27.00
2152,27.00,66.00,27.00
2153,27.00,66.00,27.00
2154,27.00,66.00,27.00
2155,27.00,66.00,27.00
2156,27.00,66.00,27.00
2157,27.00,66.00,27.00
2158,27.00,66.00,27.00
2159,27.00,66.00,27.00
2160,27.00,66.00,27.00
2161,27.00,66.00,27.00
2162,27.00,66.00,27.00
2163,27.00,66.00,27.00
2164,27.00,66.00,27.00
2165,27.00,66.00,27.00
2166,27.00,66.00,27.00
2167,27.00,66.00,27.00
2168,27.00,66.00,27.00
2169,27.00,66.00,27.00
2170,27.00,66.00,27.00
2171,27.00,66.00,27.00
2172,27.00,66.00,27.00
2173,27.00,66.00,27.00
2174,27.00,66.00,27.00
2175,27.00,66.00,27.00
2176,27.00,67.00,27.00
2177,27.00,67.00,27.00
2178,27.00,67.00,27.00
2179,27.00,67.00,27.00
2180,27.00,67.00,27.00
2181,27.00,67.00,27.00
2182,27.00,67.00,27.00
2183,27.00,67.00,27.00
2184,27.00,68.00,27.00
2185,27.00,67.00,27.00
2186,27.00,67.00,27.00
2187,27.00,67.00,27.00
2188,27.00,67.00,27.00
2189,27.00,67.00,27.00
2190,27.00,67.00,27.00
2191,27.00,67.00,27.00
2192,27.00,67.00,27.00
2193,27.00,67.00,27.00
2194,27.00,67.00,27.00
2195,27.00,67.00,27.00
2196,27.00,67.00,27.00
2197,27.00,67.00,27.00
2198,27.00,67.00,27.00
2199,27.00,67.00,27.00
2200,27.00,67.00,27.00
2201,27.00,67.00,27.00
2202,27.00,67.00,27.00
2203,27.00,67.00,27.00
2204,27.00,67.00,27.00
2205,27.00,67.00,27.00
2206,27.00,67.00,27.00
2207,27.00,67.00,27.00
2208,27.00,67.00,27.00
2209,27.00,67.00,27.00
2210,27.00,67.00,27.00
2211,27.00,67.00,27.00
2212,27.00,67.00,27.00
2213,27.00,67.00,27.00
2214,27.00,67.00,27.00
2215,27.00,67.00,27.00
2216,27.00,67.00,27.00
2217,27.00,67.00,27.00
2218,27.00,67.00,27.00
2219,27.00,67.00,27.00
2220,27.00,67.00,27.00
2221,27.00,67.00,27.00
2222,27.00,67.00,27.00
2223,27.00,67.00,27.00
2224,27.00,67.00,27.00
2225,27.00,67.00,27.00
2226,27.00,67.00,27.00
2227,27.00,67.00,27.00
2228,27.00,67.00,27.00
2229,27.00,67.00,27.00
2230,27.00,67.00,27.00
2231,27.00,67.00,27.00
2232,27.00,67.00,27.00
2233,27.00,67.00,27.00
2234,27.00,67.00,27.00
2235,27.00,67.00,27.00
2236,27.00,67.00,27.00
2237,27.00,67.00,27.00
2238,27.00,68.00,27.00
2239,27.00,67.00,27.00
2240,27.00,68.00,27.00
2241,27.00,67.00,27.00
2242,27.00,67.00,27.00
2243,27.00,67.00,27.00
2244,27.00,67.00,27.00
2245,27.00,68.00,27.00
2246,27.00,68.00,27.00
2247,27.00,68.00,27.00
2248,27.00,68.00,27.00
2249,27.00,68.00,27.00
2250,27.00,68.00,27.00
2251,27.00,68.00,27.00
2252,27.00,68.00,27.00
2253,27.00,68.00,27.00
2254,27.00,68.00,27.00
2255,27.00,68.00,27.00
2256,27.00,68.00,27.00
2257,27.00,68.00,27.00
2258,27.00,68.00,27.00
2259,27.00,69.00,27.00
2260,27.00,68.00,27.00
2261,27.00,68.00,27.00
2262,27.00,68.00,27.00
2263,27.00,68.00,27.00
2264,27.00,69.00,27.00
2265,27.00,68.00,27.00
2266,27.00,68.00,27.00
2267,27.00,68.00,27.00
2268,27.00,68.00,27.00
2269,27.00,68.00,27.00
2270,27.00,68.00,27.00
2271,27.00,68.00,27.00
2272,27.00,68.00,27.00
2273,27.00,68.00,27.00
2274,27.00,68.00,27.00
2275,27.00,68.00,27.00
2276,27.00,68.00,27.00
2277,27.00,68.00,27.00
2278,27.00,68.00,27.00
2279,27.00,70.00,27.00
2280,27.00,69.00,27.00
2281,27.00,68.00,27.00
2282,27.00,68.00,27.00
2283,27.00,68.00,27.00
2284,27.00,68.00,27.00
2285,27.00,68.00,27.00
2286,27.00,68.00,27.00
2287,27.00,68.00,27.00
2288,27.00,71.00,27.00
2289,27.00,68.00,27.00
2290,27.00,68.00,27.00
2291,27.00,69.00,27.00
2292,27.00,69.00,27.00
2293,27.00,69.00,27.00
2294,27.00,69.00,27.00
2295,27.00,69.00,27.00
2296,27.00,69.00,27.00
2297,27.00,69.00,27.00
2298,27.00,69.00,27.00
2299,27.00,69.00,27.00
2300,27.00,69.00,27.00
2301,27.00,69.00,27.00
2302,27.00,69.00,27.00
2303,27.00,69.00,27.00
2304,27.00,69.00,27.00
2305,27.00,69.00,27.00
2306,27.00,69.00,27.00
2307,27.00,68.00,27.00
2308,27.00,69.00,27.00
2309,27.00,68.00,27.00
2310,27.00,69.00,27.00
2311,27.00,69.00,27.00
2312,27.00,69.00,27.00
2313,27.00,69.00,27.00
2314,27.00,69.00,27.00
2315,27.00,69.00,27.00
2316,27.00,69.00,28.00
2317,27.00,69.00,28.00
2318,27.00,69.00,28.00
2319,27.00,69.00,28.00
2320,27.00,69.00,28.00
2321,27.00,69.00,27.00
2322,27.00,69.00,28.00
2323,27.00,69.00,28.00
2324,27.00,69.00,28.00
2325,27.00,69.00,29.00
2326,27.00,69.00,28.00
2327,27.00,69.00,28.00
2328,27.00,69.00,28.00
2329,27.00,69.00,28.00
2330,27.00,69.00,28.00
2331,27.00,69.00,28.00
2332,27.00,69.00,28.00
2333,27.00,69.00,28.00
2334,27.00,69.00,28.00
2335,27.00,69.00,27.00
2336,27.00,69.00,28.00
2337,27.00,71.00,27.00
2338,27.00,69.00,27.00
2339,27.00,69.00,27.00
2340,27.00,70.00,27.00
2341,27.00,69.00,27.00
2342,27.00,69.00,27.00
2343,27.00,69.00,27.00
2344,27.00,69.00,27.00
2345,27.00,69.00,27.00
2346,27.00,69.00,27.00
2347,27.00,69.00,27.00
2348,27.00,69.00,27.00
2349,27.00,69.00,27.00
2350,27.00,69.00,27.00
2351,27.00,69.00,27.00
2352,27.00,69.00,27.00
2353,27.00,69.00,27.00
2354,27.00,69.00,27.00
2355,27.00,69.00,27.00
2356,27.00,69.00,28.00
2357,27.00,69.00,28.00
2358,27.00,69.00,28.00
2359,27.00,69.00,28.00
2360,27.00,69.00,28.00
2361,27.00,69.00,28.00
2362,27.00,69.00,27.00
2363,27.00,69.00,28.00
2364,27.00,69.00,28.00
2365,27.00,69.00,28.00
2366,27.00,69.00,28.00
2367,27.00,69.00,28.00
2368,27.00,69.00,28.00
2369,27.00,69.00,28.00
2370,27.00,70.00,27.00
2371,27.00,69.00,27.00
2372,27.00,69.00,27.00
2373,27.00,72.00,28.00
2374,27.00,69.00,28.00
2375,27.00,69.00,28.00
2376,27.00,71.00,28.00
2377,27.00,71.00,28.00
2378,27.00,69.00,27.00
2379,27.00,70.00,27.00
2380,27.00,70.00,27.00
2381,27.00,70.00,27.00
2382,27.00,70.00,27.00
2383,27.00,70.00,28.00
2384,27.00,70.00,27.00
2385,27.00,70.00,27.00
2386,27.00,70.00,27.00
2387,27.00,70.00,27.00
2388,27.00,70.00,28.00
2389,27.00,70.00,28.00
2390,27.00,70.00,27.00
2391,27.00,70.00,27.00
2392,27.00,70.00,27.00
2393,27.00,70.00,27.00
2394,27.00,70.00,27.00
2395,27.00,70.00,27.00
2396,27.00,70.00,27.00
2397,27.00,70.00,27.00
2398,27.00,70.00,27.00
2399,27.00,69.00,27.00
2400,27.00,69.00,27.00
2401,27.00,71.00,27.00
2402,27.00,69.00,27.00
2403,27.00,69.00,27.00
2404,27.00,71.00,27.00
2405,27.00,69.00,27.00
2406,27.00,69.00,27.00
2407,27.00,69.00,27.00
2408,27.00,69.00,27.00
2409,27.00,71.00,27.00
2410,27.00,71.00,27.00
2411,27.00,69.00,28.00
2412,27.00,69.00,27.00
2413,27.00,69.00,27.00
2414,27.00,69.00,27.00
2415,27.00,69.00,27.00
2416,27.00,69.00,27.00
2417,27.00,69.00,26.00
2418,27.00,69.00,27.00
2419,27.00,69.00,27.00
2420,27.00,71.00,28.00
2421,27.00,69.00,27.00
2422,27.00,69.00,28.00
2423,27.00,70.00,27.00
2424,27.00,69.00,27.00
2425,27.00,71.00,28.00
2426,27.00,69.00,28.00
2427,27.00,69.00,29.00
2428,27.00,69.00,28.00
2429,27.00,69.00,27.00
2430,27.00,69.00,28.00
2431,27.00,69.00,28.00
2432,27.00,69.00,27.00
2433,27.00,70.00,27.00
2434,27.00,70.00,28.00
2435,27.00,70.00,27.00
2436,27.00,70.00,28.00
2437,27.00,70.00,28.00
2438,27.00,70.00,28.00
2439,27.00,70.00,28.00
2440,27.00,70.00,27.00
2441,27.00,70.00,28.00
2442,27.00,70.00,28.00
2443,27.00,70.00,28.00
2444,27.00,70.00,28.00
2445,27.00,71.00,28.00
2446,27.00,70.00,28.00
2447,27.00,71.00,27.00
2448,27.00,70.00,27.00
2449,27.00,70.00,28.00
2450,27.00,70.00,28.00
2451,27.00,70.00,27.00
2452,27.00,72.00,27.00
2453,27.00,70.00,27.00
2454,27.00,70.00,28.00
2455,27.00,70.00,27.00
2456,27.00,70.00,28.00
2457,27.00,71.00,28.00
2458,27.00,70.00,28.00
2459,27.00,70.00,27.00
2460,27.00,70.00,28.00
2461,27.00,70.00,28.00
2462,27.00,70.00,28.00
2463,27.00,70.00,28.00
2464,27.00,70.00,27.00
2465,27.00,70.00,27.00
2466,27.00,70.00,27.00
2467,27.00,70.00,27.00
2468,27.00,70.00,27.00
2469,27.00,70.00,27.00
2470,27.00,72.00,27.00
2471,27.00,70.00,27.00
2472,27.00,70.00,27.00
2473,27.00,70.00,27.00
2474,27.00,70.00,27.00
2475,27.00,70.00,27.00
2476,27.00,70.00,27.00
2477,27.00,70.00,27.00
2478,27.00,70.00,27.00
2479,27.00,70.00,27.00
2480,27.00,70.00,27.00
2481,27.00,71.00,27.00
2482,27.00,71.00,27.00
2483,27.00,70.00,27.00
2484,27.00,70.00,27.00
2485,27.00,70.00,27.00
2486,27.00,70.00,27.00
2487,27.00,70.00,27.00
2488,27.00,71.00,27.00
2489,27.00,70.00,27.00
2490,27.00,71.00,27.00
2491,27.00,72.00,27.00
2492,27.00,71.00,27.00
2493,27.00,70.00,27.00
2494,27.00,70.00,27.00
2495,27.00,70.00,27.00
2496,27.00,70.00,27.00
2497,27.00,70.00,27.00
2498,27.00,70.00,27.00
2499,27.00,70.00,27.00
2500,27.00,70.00,27.00
2501,27.00,72.00,27.00
2502,27.00,71.00,27.00
2503,27.00,70.00,27.00
2504,27.00,72.00,27.00
2505,27.00,71.00,27.00
2506,27.00,70.00,27.00
2507,27.00,70.00,27.00
2508,27.00,69.00,27.00
2509,27.00,69.00,27.00
2510,27.00,69.00,27.00
2511,27.00,69.00,27.00
2512,27.00,69.00,27.00
2513,27.00,69.00,27.00
2514,27.00,69.00,27.00
2515,27.00,69.00,28.00
2516,27.00,69.00,27.00
2517,27.00,69.00,27.00
2518,27.00,69.00,27.00
2519,27.00,69.00,27.00
2520,27.00,69.00,27.00
2521,27.00,69.00,27.00
2522,27.00,68.00,27.00
2523,27.00,68.00,27.00
2524,27.00,68.00,27.00
2525,27.00,68.00,27.00
2526,27.00,68.00,27.00
2527,27.00,68.00,27.00
2528,27.00,68.00,27.00
2529,27.00,68.00,27.00
2530,27.00,68.00,27.00
2531,27.00,68.00,27.00
2532,27.00,69.00,27.00
2533,27.00,68.00,27.00
2534,27.00,69.00,27.00
2535,27.00,68.00,27.00
2536,27.00,68.00,27.00
2537,27.00,68.00,27.00
2538,27.00,68.00,27.00
2539,27.00,68.00,27.00
2540,27.00,68.00,27.00
2541,27.00,68.00,27.00
2542,27.00,68.00,27.00
2543,27.00,68.00,27.00
2544,27.00,68.00,27.00
2545,27.00,68.00,27.00
2546,27.00,68.00,27.00
2547,27.00,68.00,27.00
2548,27.00,68.00,27.00
2549,27.00,68.00,27.00
2550,27.00,68.00,27.00
2551,27.00,68.00,27.00
2552,27.00,68.00,27.00
2553,28.00,68.00,27.00
2554,28.00,69.00,27.00
2555,28.00,68.00,27.00
2556,28.00,67.00,27.00
2557,28.00,67.00,27.00
2558,27.00,67.00,27.00
2559,28.00,67.00,27.00
2560,28.00,67.00,27.00
2561,28.00,67.00,27.00
2562,29.00,67.00,27.00
2563,28.00,66.00,27.00
2564,28.00,67.00,27.00
2565,28.00,67.00,27.00
2566,28.00,67.00,27.00
2567,28.00,66.00,27.00
2568,28.00,66.00,27.00
2569,28.00,66.00,27.00
2570,28.00,66.00,27.00
2571,28.00,66.00,27.00
2572,27.00,66.00,27.00
2573,28.00,66.00,27.00
2574,27.00,66.00,27.00
2575,27.00,66.00,27.00
2576,27.00,66.00,27.00
2577,27.00,66.00,27.00
2578,27.00,66.00,27.00
2579,27.00,66.00,27.00
2580,27.00,66.00,27.00
2581,27.00,66.00,27.00
2582,27.00,66.00,27.00
2583,27.00,67.00,27.00
2584,27.00,67.00,27.00
2585,27.00,67.00,27.00
2586,27.00,67.00,27.00
2587,27.00,67.00,27.00
2588,27.00,67.00,27.00
2589,27.00,67.00,27.00
2590,27.00,67.00,27.00
2591,27.00,67.00,27.00
2592,27.00,67.00,27.00
2593,28.00,67.00,27.00
2594,28.00,67.00,27.00
2595,28.00,67.00,27.00
2596,28.00,67.00,27.00
2597,28.00,67.00,27.00
2598,28.00,67.00,27.00
2599,27.00,67.00,27.00
2600,28.00,66.00,27.00
2601,28.00,66.00,27.00
2602,28.00,66.00,27.00
2603,28.00,66.00,27.00
2604,28.00,66.00,27.00
2605,28.00,66.00,27.00
2606,28.00,66.00,27.00
2607,27.00,68.00,27.00
2608,27.00,66.00,27.00
2609,27.00,66.00,27.00
2610,28.00,66.00,27.00
2611,28.00,66.00,27.00
2612,28.00,66.00,27.00
2613,28.00,66.00,27.00
2614,28.00,66.00,27.00
2615,27.00,66.00,27.00
2616,27.00,66.00,27.00
2617,27.00,67.00,27.00
2618,27.00,66.00,27.00
2619,27.00,66.00,27.00
2620,28.00,67.00,27.00
2621,27.00,66.00,27.00
2622,27.00,67.00,27.00
2623,27.00,66.00,27.00
2624,27.00,66.00,27.00
2625,28.00,66.00,27.00
2626,28.00,66.00,27.00
2627,27.00,66.00,27.00
2628,27.00,67.00,27.00
2629,27.00,66.00,27.00
2630,27.00,66.00,27.00
2631,27.00,66.00,27.00
2632,27.00,68.00,27.00
2633,27.00,66.00,27.00
2634,27.00,67.00,27.00
2635,27.00,67.00,27.00
2636,27.00,67.00,27.00
2637,27.00,67.00,27.00
2638,27.00,67.00,27.00
2639,27.00,67.00,27.00
2640,27.00,69.00,27.00
2641,27.00,67.00,27.00
2642,27.00,67.00,27.00
2643,27.00,67.00,28.00
2644,27.00,67.00,27.00
2645,27.00,67.00,27.00
2646,27.00,67.00,27.00
2647,27.00,67.00,27.00
2648,28.00,69.00,27.00
2649,27.00,67.00,27.00
2650,27.00,67.00,27.00
2651,27.00,67.00,27.00
2652,27.00,67.00,27.00
2653,27.00,67.00,27.00
2654,26.00,67.00,27.00
2655,27.00,67.00,27.00
2656,27.00,67.00,27.00
2657,28.00,67.00,27.00
2658,27.00,67.00,27.00
2659,28.00,67.00,27.00
2660,27.00,67.00,27.00
2661,27.00,67.00,27.00
2662,28.00,67.00,27.00
2663,28.00,67.00,27.00
2664,29.00,67.00,27.00
2665,28.00,66.00,27.00
2666,27.00,67.00,27.00
2667,28.00,66.00,27.00
2668,28.00,68.00,27.00
2669,27.00,69.00,27.00
2670,27.00,66.00,27.00
2671,28.00,66.00,27.00
2672,27.00,66.00,27.00
2673,28.00,66.00,27.00
2674,28.00,66.00,27.00
2675,28.00,68.00,28.00
2676,28.00,66.00,27.00
2677,27.00,66.00,27.00
2678,28.00,66.00,27.00
2679,28.00,66.00,27.00
2680,28.00,66.00,27.00
2681,28.00,66.00,27.00
2682,28.00,66.00,27.00
2683,28.00,66.00,27.00
2684,27.00,66.00,27.00
2685,27.00,66.00,27.00
2686,28.00,66.00,27.00
2687,28.00,66.00,27.00
2688,27.00,66.00,27.00
2689,27.00,66.00,27.00
2690,27.00,66.00,27.00
2691,28.00,66.00,27.00
2692,27.00,66.00,27.00
2693,28.00,66.00,27.00
2694,28.00,66.00,27.00
2695,28.00,66.00,27.00
2696,28.00,66.00,27.00
2697,27.00,66.00,27.00
2698,28.00,66.00,27.00
2699,28.00,66.00,27.00
2700,28.00,66.00,27.00
2701,28.00,66.00,27.00
2702,27.00,66.00,27.00
2703,27.00,66.00,27.00
2704,27.00,66.00,27.00
2705,27.00,66.00,27.00
2706,27.00,66.00,27.00
2707,27.00,66.00,27.00
2708,27.00,66.00,27.00
2709,27.00,67.00,27.00
2710,27.00,66.00,27.00
2711,27.00,66.00,27.00
2712,27.00,66.00,27.00
2713,27.00,66.00,28.00
2714,27.00,66.00,27.00
2715,27.00,66.00,27.00
2716,27.00,66.00,27.00
2717,27.00,66.00,27.00
2718,27.00,66.00,27.00
2719,27.00,66.00,27.00
2720,27.00,66.00,27.00
2721,27.00,66.00,27.00
2722,27.00,66.00,27.00
2723,27.00,66.00,27.00
2724,27.00,66.00,27.00
2725,27.00,66.00,27.00
2726,27.00,68.00,27.00
2727,27.00,66.00,27.00
2728,27.00,66.00,27.00
2729,27.00,66.00,27.00
2730,27.00,66.00,27.00
2731,27.00,66.00,27.00
2732,27.00,66.00,27.00
2733,27.00,68.00,27.00
2734,27.00,67.00,27.00
2735,27.00,67.00,27.00
2736,27.00,67.00,27.00
2737,27.00,67.00,27.00
2738,27.00,67.00,27.00
2739,27.00,67.00,27.00
2740,27.00,67.00,27.00
2741,27.00,67.00,27.00
2742,27.00,67.00,27.00
2743,27.00,67.00,27.00
2744,27.00,67.00,27.00
2745,27.00,68.00,27.00
2746,27.00,67.00,27.00
2747,27.00,67.00,27.00
2748,27.00,67.00,27.00
2749,27.00,67.00,27.00
2750,27.00,67.00,27.00
2751,27.00,67.00,27.00
2752,28.00,67.00,27.00
2753,27.00,67.00,27.00
2754,27.00,67.00,27.00
2755,27.00,67.00,27.00
2756,27.00,67.00,27.00
2757,27.00,67.00,27.00
2758,27.00,67.00,27.00
2759,27.00,67.00,27.00
2760,27.00,67.00,27.00
2761,27.00,67.00,27.00
2762,27.00,69.00,27.00
2763,27.00,67.00,27.00
2764,27.00,67.00,27.00
2765,27.00,68.00,27.00
2766,27.00,67.00,27.00
2767,27.00,68.00,27.00
2768,27.00,67.00,27.00
2769,27.00,67.00,27.00
2770,27.00,67.00,27.00
2771,27.00,69.00,27.00
2772,27.00,69.00,27.00
2773,27.00,67.00,27.00
2774,27.00,67.00,27.00
2775,27.00,68.00,27.00
2776,27.00,67.00,27.00
2777,27.00,67.00,27.00
2778,27.00,67.00,27.00
2779,27.00,69.00,27.00
2780,27.00,67.00,27.00
2781,27.00,67.00,27.00
2782,27.00,69.00,27.00
2783,27.00,69.00,27.00
2784,27.00,68.00,27.00
2785,27.00,68.00,27.00
2786,27.00,68.00,27.00
2787,27.00,69.00,27.00
2788,27.00,70.00,27.00
2789,27.00,68.00,27.00
2790,27.00,68.00,27.00
2791,27.00,68.00,27.00
2792,27.00,68.00,27.00
2793,27.00,68.00,27.00
2794,27.00,69.00,29.00
2795,27.00,68.00,27.00
2796,27.00,68.00,27.00
2797,27.00,68.00,27.00
2798,27.00,68.00,27.00
2799,27.00,68.00,27.00
2800,27.00,68.00,27.00
2801,27.00,68.00,27.00
2802,27.00,68.00,27.00
2803,27.00,68.00,27.00
2804,27.00,70.00,27.00
2805,27.00,68.00,27.00
2806,27.00,68.00,27.00
2807,27.00,69.00,27.00
2808,27.00,68.00,27.00
2809,27.00,70.00,27.00
2810,27.00,68.00,27.00
2811,27.00,68.00,27.00
2812,27.00,68.00,27.00
2813,27.00,68.00,27.00
2814,27.00,68.00,27.00
2815,27.00,71.00,27.00
2816,27.00,69.00,27.00
2817,27.00,68.00,27.00
2818,27.00,68.00,27.00
2819,27.00,70.00,27.00
2820,27.00,71.00,27.00
2821,27.00,68.00,27.00
2822,27.00,68.00,27.00
2823,27.00,68.00,27.00
2824,27.00,68.00,27.00
2825,27.00,68.00,27.00
2826,27.00,68.00,27.00
2827,27.00,69.00,27.00
2828,27.00,68.00,29.00
2829,27.00,68.00,27.00
2830,27.00,69.00,27.00
2831,27.00,70.00,27.00
2832,27.00,69.00,27.00
2833,27.00,69.00,27.00
2834,27.00,69.00,27.00
2835,27.00,71.00,27.00
2836,27.00,69.00,28.00
2837,27.00,70.00,27.00
2838,27.00,71.00,27.00
2839,27.00,69.00,27.00
2840,27.00,69.00,27.00
2841,27.00,69.00,27.00
2842,27.00,72.00,27.00
2843,27.00,72.00,27.00
2844,27.00,71.00,27.00
2845,27.00,69.00,27.00
2846,27.00,70.00,27.00
2847,27.00,69.00,27.00
2848,27.00,69.00,27.00
2849,27.00,69.00,27.00
2850,27.00,71.00,27.00
2851,27.00,72.00,27.00
2852,27.00,69.00,27.00
2853,27.00,69.00,27.00
2854,27.00,72.00,27.00
2855,27.00,69.00,27.00
2856,27.00,70.00,27.00
2857,27.00,69.00,28.00
2858,27.00,69.00,28.00
2859,27.00,69.00,28.00
2860,27.00,70.00,27.00
2861,27.00,70.00,27.00
2862,27.00,71.00,27.00
2863,27.00,70.00,27.00
2864,27.00,70.00,27.00
2865,27.00,70.00,27.00
2866,27.00,70.00,27.00
2867,27.00,70.00,27.00
2868,27.00,70.00,27.00
2869,27.00,71.00,27.00
2870,27.00,70.00,28.00
2871,27.00,70.00,28.00
2872,27.00,70.00,27.00
2873,27.00,70.00,28.00
2874,27.00,70.00,28.00
2875,27.00,70.00,28.00
2876,27.00,70.00,28.00
2877,27.00,71.00,28.00
2878,28.00,69.00,28.00
2879,27.00,69.00,28.00
2880,27.00,69.00,28.00
2881,27.00,69.00,28.00
2882,27.00,69.00,27.00
2883,27.00,69.00,28.00
2884,27.00,69.00,28.00
2885,27.00,69.00,28.00
2886,27.00,69.00,28.00
2887,27.00,69.00,28.00
2888,27.00,69.00,28.00
2889,27.00,69.00,28.00
2890,27.00,69.00,28.00
2891,27.00,69.00,28.00
2892,27.00,69.00,28.00
2893,27.00,69.00,28.00
2894,27.00,69.00,28.00
2895,27.00,69.00,28.00
2896,27.00,69.00,28.00
2897,27.00,69.00,28.00
2898,27.00,69.00,28.00
2899,27.00,69.00,28.00
2900,27.00,69.00,28.00
2901,27.00,69.00,28.00
2902,27.00,69.00,28.00
2903,27.00,70.00,28.00
2904,27.00,68.00,28.00
2905,27.00,68.00,28.00
2906,27.00,68.00,28.00
2907,27.00,68.00,28.00
2908,27.00,68.00,28.00
2909,27.00,68.00,28.00
2910,28.00,68.00,28.00
2911,27.00,68.00,28.00
2912,27.00,68.00,28.00
2913,27.00,68.00,28.00
2914,27.00,68.00,28.00
2915,27.00,68.00,28.00
2916,27.00,68.00,28.00
2917,27.00,68.00,28.00
2918,27.00,68.00,28.00
2919,27.00,68.00,28.00
2920,27.00,68.00,28.00
2921,27.00,70.00,28.00
2922,27.00,69.00,28.00
2923,27.00,69.00,28.00
2924,27.00,69.00,28.00
2925,27.00,69.00,28.00
2926,27.00,69.00,28.00
2927,27.00,69.00,28.00
2928,27.00,69.00,28.00
2929,27.00,69.00,28.00
2930,27.00,69.00,28.00
2931,27.00,69.00,28.00
2932,27.00,69.00,28.00
2933,27.00,69.00,29.00
2934,27.00,69.00,28.00
2935,27.00,69.00,28.00
2936,27.00,69.00,28.00
2937,27.00,69.00,28.00
2938,27.00,70.00,28.00
2939,27.00,70.00,28.00
2940,27.00,70.00,28.00
2941,27.00,70.00,28.00
2942,27.00,70.00,30.00
2943,27.00,70.00,28.00
2944,27.00,70.00,28.00
2945,27.00,72.00,28.00
2946,27.00,70.00,28.00
2947,27.00,70.00,28.00
2948,27.00,70.00,28.00
2949,28.00,70.00,28.00
2950,27.00,71.00,28.00
2951,27.00,70.00,28.00
2952,27.00,70.00,28.00
2953,27.00,70.00,28.00
2954,27.00,70.00,28.00
2955,27.00,70.00,26.00
2956,27.00,71.00,28.00
2957,27.00,70.00,28.00
2958,27.00,71.00,28.00
2959,27.00,70.00,28.00
2960,27.00,70.00,28.00
2961,27.00,70.00,28.00
2962,27.00,70.00,28.00
2963,27.00,72.00,28.00
2964,27.00,70.00,28.00
2965,27.00,70.00,28.00
2966,27.00,70.00,28.00
2967,27.00,70.00,28.00
2968,27.00,70.00,28.00
2969,27.00,70.00,28.00
2970,27.00,70.00,28.00
2971,27.00,70.00,28.00
2972,27.00,70.00,28.00
2973,27.00,70.00,28.00
2974,27.00,70.00,28.00
2975,27.00,70.00,28.00
2976,27.00,71.00,28.00
2977,27.00,70.00,28.00
2978,27.00,70.00,28.00
2979,27.00,70.00,28.00
2980,27.00,70.00,28.00
2981,27.00,70.00,28.00
2982,27.00,70.00,28.00
2983,27.00,70.00,29.00
2984,27.00,70.00,28.00
2985,27.00,72.00,28.00
2986,27.00,70.00,28.00
2987,27.00,69.00,28.00
2988,27.00,70.00,28.00
2989,27.00,69.00,28.00
2990,27.00,69.00,28.00
2991,27.00,71.00,28.00
2992,27.00,69.00,28.00
2993,27.00,71.00,28.00
2994,27.00,71.00,28.00
2995,27.00,69.00,28.00
2996,27.00,69.00,28.00
2997,27.00,69.00,28.00
2998,27.00,71.00,28.00
2999,27.00,71.00,28.00
3000,27.00,69.00,28.00
3001,27.00,69.00,28.00
3002,27.00,69.00,28.00
3003,27.00,69.00,28.00
3004,27.00,69.00,28.00
3005,27.00,69.00,28.00
3006,28.00,69.00,28.00
3007,27.00,69.00,28.00
3008,27.00,69.00,28.00
3009,27.00,69.00,28.00
3010,27.00,69.00,28.00
3011,27.00,69.00,28.00
3012,27.00,69.00,28.00
3013,27.00,69.00,28.00
3014,27.00,69.00,28.00
3015,27.00,71.00,28.00
3016,27.00,69.00,28.00
3017,27.00,69.00,28.00
3018,27.00,69.00,28.00
3019,27.00,69.00,28.00
3020,27.00,69.00,28.00
3021,27.00,69.00,28.00
3022,27.00,69.00,28.00
3023,27.00,69.00,30.00
3024,27.00,69.00,28.00
3025,27.00,69.00,28.00
3026,27.00,69.00,28.00
3027,27.00,69.00,28.00
3028,27.00,69.00,28.00
3029,27.00,69.00,28.00
3030,27.00,70.00,28.00
3031,27.00,69.00,27.00
3032,29.00,69.00,28.00
3033,27.00,69.00,28.00
3034,27.00,70.00,28.00
3035,27.00,70.00,28.00
3036,27.00,70.00,28.00
3037,27.00,70.00,28.00
3038,27.00,70.00,28.00
3039,27.00,70.00,28.00
3040,27.00,70.00,28.00
3041,27.00,70.00,28.00
3042,27.00,70.00,28.00
3043,27.00,72.00,29.00
3044,27.00,70.00,29.00
3045,27.00,70.00,29.00
3046,27.00,72.00,29.00
3047,27.00,70.00,29.00
3048,27.00,70.00,29.00
3049,27.00,71.00,28.00
3050,27.00,71.00,28.00
3051,27.00,73.00,28.00
3052,27.00,71.00,30.00
3053,27.00,71.00,27.00
3054,27.00,71.00,28.00
3055,27.00,71.00,30.00
3056,27.00,71.00,30.00
3057,27.00,71.00,28.00
3058,27.00,71.00,28.00
3059,27.00,71.00,28.00
3060,27.00,71.00,30.00
3061,29.00,72.00,30.00
3062,27.00,71.00,28.00
3063,27.00,73.00,30.00
3064,27.00,71.00,30.00
3065,27.00,71.00,30.00
3066,27.00,70.00,28.00
3067,27.00,71.00,30.00
3068,27.00,70.00,28.00
3069,28.00,70.00,28.00
3070,27.00,71.00,28.00
3071,27.00,70.00,28.00
3072,27.00,70.00,28.00
3073,27.00,70.00,28.00
3074,27.00,70.00,28.00
3075,27.00,70.00,28.00
3076,27.00,70.00,28.00
3077,27.00,70.00,28.00
3078,27.00,73.00,28.00
3079,27.00,71.00,28.00
3080,27.00,70.00,29.00
3081,27.00,70.00,29.00
3082,27.00,72.00,29.00
3083,27.00,70.00,28.00
3084,27.00,72.00,29.00
3085,27.00,70.00,28.00
3086,27.00,70.00,28.00
3087,27.00,70.00,28.00
3088,27.00,70.00,29.00
3089,27.00,70.00,28.00
3090,27.00,69.00,29.00
3091,28.00,69.00,29.00
3092,28.00,69.00,30.00
3093,27.00,69.00,29.00
3094,27.00,69.00,29.00
3095,27.00,69.00,29.00
3096,27.00,69.00,29.00
3097,27.00,70.00,29.00
3098,27.00,69.00,29.00
3099,27.00,68.00,29.00
3100,27.00,68.00,29.00
3101,27.00,68.00,29.00
3102,28.00,68.00,29.00
3103,28.00,68.00,29.00
3104,27.00,68.00,29.00
3105,28.00,68.00,29.00
3106,28.00,68.00,28.00
3107,28.00,71.00,29.00
3108,28.00,68.00,28.00
3109,28.00,68.00,28.00
3110,28.00,68.00,28.00
3111,28.00,68.00,28.00
3112,28.00,68.00,28.00
3113,28.00,68.00,28.00
3114,27.00,68.00,28.00
3115,28.00,67.00,28.00
3116,28.00,67.00,28.00
3117,28.00,67.00,28.00
3118,28.00,67.00,28.00
3119,28.00,67.00,28.00
3120,28.00,68.00,28.00
3121,28.00,67.00,28.00
3122,28.00,67.00,28.00
3123,28.00,67.00,28.00
3124,28.00,67.00,28.00
3125,28.00,67.00,28.00
3126,28.00,67.00,28.00
3127,28.00,66.00,28.00
3128,28.00,66.00,28.00
3129,28.00,66.00,28.00
3130,28.00,66.00,28.00
3131,28.00,66.00,28.00
3132,28.00,66.00,28.00
3133,28.00,66.00,28.00
3134,28.00,66.00,28.00
3135,28.00,66.00,28.00
3136,28.00,67.00,28.00
3137,28.00,67.00,28.00
3138,28.00,67.00,28.00
3139,28.00,67.00,28.00
3140,28.00,67.00,28.00
3141,28.00,67.00,28.00
3142,28.00,67.00,28.00
3143,28.00,67.00,28.00
3144,28.00,69.00,28.00
3145,28.00,67.00,28.00
3146,28.00,67.00,28.00
3147,28.00,67.00,28.00
3148,28.00,67.00,28.00
3149,28.00,67.00,28.00
3150,28.00,67.00,28.00
3151,28.00,67.00,28.00
3152,28.00,67.00,28.00
3153,28.00,67.00,28.00
3154,28.00,67.00,28.00
3155,28.00,67.00,28.00
3156,28.00,67.00,28.00
3157,28.00,67.00,28.00
3158,28.00,67.00,28.00
3159,28.00,66.00,28.00
3160,28.00,66.00,28.00
3161,28.00,67.00,29.00
3162,28.00,66.00,29.00
3163,29.00,66.00,28.00
3164,28.00,66.00,28.00
3165,28.00,66.00,28.00
3166,28.00,66.00,28.00
3167,28.00,66.00,28.00
3168,28.00,66.00,28.00
3169,28.00,66.00,28.00
3170,28.00,65.00,28.00
3171,28.00,66.00,28.00
3172,30.00,66.00,28.00
3173,28.00,66.00,28.00
3174,28.00,66.00,28.00
3175,28.00,66.00,28.00
3176,28.00,66.00,28.00
3177,28.00,66.00,28.00
3178,28.00,65.00,28.00
3179,28.00,66.00,28.00
3180,28.00,66.00,28.00
3181,28.00,66.00,28.00
3182,28.00,65.00,28.00
3183,26.00,66.00,28.00
3184,28.00,66.00,28.00
3185,28.00,66.00,28.00
3186,28.00,66.00,28.00
3187,28.00,66.00,28.00
3188,28.00,68.00,28.00
3189,28.00,67.00,28.00
3190,28.00,66.00,28.00
3191,28.00,66.00,28.00
3192,28.00,66.00,28.00
3193,28.00,66.00,28.00
3194,28.00,66.00,28.00
3195,28.00,66.00,28.00
3196,28.00,66.00,28.00
3197,28.00,66.00,28.00
3198,28.00,66.00,28.00
3199,28.00,66.00,28.00
3200,28.00,66.00,28.00
3201,28.00,66.00,28.00
3202,28.00,66.00,28.00
3203,28.00,66.00,28.00
3204,28.00,66.00,28.00
3205,28.00,66.00,28.00
3206,28.00,66.00,28.00
3207,28.00,65.00,28.00
3208,28.00,65.00,28.00
3209,28.00,65.00,28.00
3210,28.00,66.00,28.00
3211,29.00,66.00,28.00
3212,28.00,66.00,28.00
3213,28.00,66.00,28.00
3214,28.00,66.00,28.00
3215,28.00,66.00,28.00
3216,28.00,65.00,28.00
3217,28.00,66.00,28.00
3218,28.00,66.00,28.00
3219,28.00,66.00,28.00
3220,28.00,66.00,28.00
3221,28.00,66.00,28.00
3222,28.00,66.00,28.00
3223,28.00,66.00,28.00
3224,28.00,66.00,28.00
3225,28.00,66.00,28.00
3226,28.00,66.00,28.00
3227,28.00,66.00,28.00
3228,28.00,66.00,28.00
3229,28.00,66.00,28.00
3230,28.00,66.00,28.00
3231,28.00,66.00,28.00
3232,28.00,68.00,28.00
3233,28.00,66.00,28.00
3234,28.00,66.00,28.00
3235,28.00,66.00,29.00
3236,28.00,66.00,28.00
3237,28.00,66.00,29.00
3238,28.00,66.00,29.00
3239,28.00,66.00,29.00
3240,28.00,66.00,29.00
3241,28.00,66.00,29.00
3242,28.00,66.00,29.00
3243,28.00,66.00,29.00
3244,28.00,66.00,29.00
3245,28.00,66.00,29.00
3246,28.00,66.00,29.00
3247,28.00,66.00,29.00
3248,28.00,65.00,29.00
3249,28.00,66.00,29.00
3250,30.00,66.00,29.00
3251,28.00,66.00,29.00
3252,28.00,65.00,29.00
3253,28.00,65.00,29.00
3254,28.00,65.00,29.00
3255,28.00,65.00,29.00
3256,28.00,65.00,29.00
3257,28.00,65.00,29.00
3258,27.00,65.00,29.00
3259,28.00,65.00,29.00
3260,28.00,65.00,29.00
3261,28.00,65.00,29.00
3262,28.00,65.00,29.00
3263,28.00,64.00,29.00
3264,28.00,64.00,29.00
3265,28.00,64.00,29.00
3266,28.00,64.00,29.00
3267,28.00,65.00,29.00
3268,28.00,64.00,29.00
3269,28.00,65.00,29.00
3270,28.00,64.00,29.00
3271,28.00,66.00,29.00
3272,28.00,64.00,29.00
3273,28.00,63.00,29.00
3274,28.00,63.00,29.00
3275,29.00,63.00,29.00
3276,29.00,64.00,29.00
3277,29.00,63.00,29.00
3278,29.00,63.00,29.00
3279,29.00,66.00,29.00
3280,29.00,64.00,29.00
3281,28.00,62.00,29.00
3282,28.00,63.00,29.00
3283,30.00,64.00,29.00
3284,27.00,63.00,29.00
3285,28.00,63.00,29.00
3286,30.00,64.00,29.00
3287,30.00,64.00,29.00
3288,28.00,64.00,29.00
3289,28.00,63.00,29.00
3290,28.00,63.00,29.00
3291,30.00,67.00,29.00
3292,30.00,63.00,29.00
3293,28.00,63.00,29.00
3294,30.00,63.00,29.00
3295,30.00,64.00,29.00
3296,30.00,63.00,29.00
3297,28.00,64.00,29.00
3298,30.00,64.00,29.00
3299,28.00,64.00,29.00
3300,28.00,64.00,29.00
3301,28.00,63.00,29.00
3302,28.00,64.00,29.00
3303,28.00,64.00,29.00
3304,28.00,64.00,29.00
3305,28.00,64.00,29.00
3306,28.00,64.00,29.00
3307,28.00,64.00,29.00
3308,28.00,64.00,29.00
3309,28.00,66.00,29.00
3310,28.00,63.00,29.00
3311,29.00,63.00,29.00
3312,29.00,64.00,29.00
3313,29.00,63.00,29.00
3314,28.00,64.00,29.00
3315,29.00,64.00,29.00
3316,28.00,64.00,29.00
3317,28.00,63.00,29.00
3318,28.00,64.00,29.00
3319,29.00,63.00,29.00
3320,28.00,63.00,29.00
3321,29.00,63.00,29.00
3322,29.00,63.00,29.00
3323,29.00,62.00,29.00
3324,30.00,64.00,29.00
3325,29.00,63.00,29.00
3326,29.00,62.00,29.00
3327,29.00,62.00,29.00
3328,29.00,62.00,29.00
3329,29.00,62.00,29.00
3330,29.00,62.00,29.00
3331,29.00,62.00,29.00
3332,29.00,62.00,29.00
3333,29.00,62.00,29.00
3334,29.00,62.00,29.00
3335,29.00,64.00,29.00
3336,29.00,64.00,29.00
3337,29.00,65.00,29.00
3338,29.00,62.00,29.00
3339,28.00,63.00,29.00
3340,29.00,63.00,29.00
3341,28.00,63.00,29.00
3342,28.00,63.00,29.00
3343,28.00,63.00,29.00
3344,28.00,63.00,29.00
3345,28.00,63.00,29.00
3346,28.00,63.00,29.00
3347,28.00,64.00,29.00
3348,28.00,64.00,29.00
3349,28.00,64.00,29.00
3350,28.00,64.00,29.00
3351,28.00,64.00,29.00
3352,28.00,64.00,28.00
3353,28.00,64.00,29.00
3354,28.00,64.00,29.00
3355,28.00,64.00,29.00
3356,28.00,64.00,30.00
3357,28.00,64.00,29.00
3358,28.00,64.00,29.00
3359,28.00,64.00,29.00
3360,28.00,65.00,29.00
3361,28.00,64.00,29.00
3362,28.00,64.00,29.00
3363,28.00,64.00,29.00
3364,28.00,64.00,29.00
3365,28.00,64.00,29.00
3366,28.00,64.00,29.00
3367,28.00,64.00,29.00
3368,28.00,64.00,29.00
3369,28.00,64.00,29.00
3370,28.00,64.00,29.00
3371,28.00,64.00,29.00
3372,28.00,64.00,29.00
3373,28.00,64.00,29.00
3374,28.00,65.00,29.00
3375,28.00,64.00,30.00
3376,28.00,64.00,31.00
3377,28.00,64.00,30.00
3378,28.00,65.00,30.00
3379,28.00,64.00,30.00
3380,28.00,66.00,30.00
3381,28.00,66.00,30.00
3382,28.00,66.00,30.00
3383,28.00,64.00,30.00
3384,28.00,66.00,31.00
3385,28.00,67.00,29.00
3386,28.00,67.00,30.00
3387,28.00,64.00,29.00
3388,28.00,66.00,29.00
3389,28.00,67.00,30.00
3390,28.00,64.00,30.00
3391,28.00,65.00,30.00
3392,28.00,63.00,30.00
3393,28.00,62.00,30.00
3394,28.00,62.00,29.00
3395,29.00,63.00,30.00
3396,29.00,63.00,30.00
3397,28.00,63.00,30.00
3398,28.00,63.00,30.00
3399,28.00,63.00,30.00
3400,28.00,63.00,30.00
3401,28.00,64.00,30.00
3402,28.00,63.00,30.00
3403,28.00,63.00,30.00
3404,28.00,63.00,30.00
3405,28.00,63.00,30.00
3406,28.00,63.00,30.00
3407,28.00,63.00,30.00
3408,28.00,63.00,28.00
3409,28.00,63.00,30.00
3410,28.00,63.00,30.00
3411,28.00,63.00,31.00
3412,28.00,63.00,30.00
3413,28.00,63.00,30.00
3414,28.00,63.00,30.00
3415,28.00,63.00,30.00
3416,28.00,63.00,30.00
3417,28.00,63.00,30.00
3418,28.00,63.00,30.00
3419,28.00,63.00,30.00
3420,28.00,63.00,30.00
3421,28.00,63.00,30.00
3422,28.00,63.00,30.00
3423,28.00,63.00,30.00
3424,28.00,63.00,30.00
3425,28.00,63.00,30.00
3426,28.00,63.00,30.00
3427,28.00,62.00,30.00
3428,28.00,62.00,30.00
3429,28.00,62.00,30.00
3430,28.00,62.00,30.00
3431,28.00,62.00,30.00
3432,28.00,62.00,30.00
3433,28.00,62.00,30.00
3434,28.00,62.00,30.00
3435,28.00,62.00,30.00
3436,28.00,62.00,30.00
3437,28.00,62.00,30.00
3438,28.00,62.00,30.00
3439,28.00,62.00,30.00
3440,28.00,62.00,30.00
3441,28.00,62.00,30.00
3442,28.00,62.00,30.00
3443,28.00,62.00,30.00
3444,28.00,62.00,30.00
3445,28.00,62.00,30.00
3446,28.00,62.00,30.00
3447,28.00,62.00,30.00
3448,28.00,62.00,30.00
3449,28.00,62.00,30.00
3450,28.00,62.00,30.00
3451,28.00,62.00,30.00
3452,28.00,62.00,30.00
3453,28.00,62.00,30.00
3454,28.00,62.00,30.00
3455,28.00,62.00,30.00
3456,28.00,62.00,30.00
3457,28.00,62.00,30.00
3458,28.00,62.00,30.00
3459,28.00,62.00,30.00
3460,28.00,62.00,30.00
3461,28.00,62.00,30.00
3462,28.00,62.00,30.00
3463,28.00,62.00,30.00
3464,28.00,62.00,30.00
3465,28.00,62.00,30.00
3466,28.00,62.00,30.00
3467,28.00,62.00,30.00
3468,28.00,61.00,30.00
3469,28.00,62.00,30.00
3470,29.00,61.00,30.00
3471,28.00,61.00,30.00
3472,29.00,61.00,30.00
3473,29.00,61.00,30.00
3474,29.00,61.00,30.00
3475,29.00,61.00,30.00
3476,29.00,61.00,30.00
3477,29.00,61.00,30.00
3478,29.00,61.00,30.00
3479,29.00,61.00,30.00
3480,29.00,61.00,30.00
3481,29.00,61.00,30.00
3482,29.00,61.00,30.00
3483,29.00,61.00,31.00
3484,29.00,61.00,30.00
3485,29.00,61.00,30.00
3486,29.00,61.00,30.00
3487,29.00,61.00,30.00
3488,29.00,61.00,30.00
3489,29.00,61.00,30.00
3490,29.00,61.00,30.00
3491,29.00,61.00,30.00
3492,29.00,61.00,30.00
3493,29.00,61.00,30.00
3494,29.00,61.00,30.00
3495,29.00,61.00,30.00
3496,29.00,61.00,30.00
3497,29.00,60.00,30.00
3498,29.00,60.00,30.00
3499,29.00,60.00,30.00
3500,29.00,60.00,30.00
3501,29.00,60.00,30.00
3502,29.00,60.00,30.00
3503,29.00,60.00,30.00
3504,29.00,60.00,31.00
3505,29.00,60.00,30.00
3506,29.00,60.00,30.00
3507,29.00,60.00,30.00
3508,29.00,60.00,31.00
3509,29.00,60.00,30.00
3510,29.00,60.00,30.00
3511,29.00,60.00,30.00
3512,29.00,60.00,30.00
3513,29.00,60.00,30.00
3514,29.00,60.00,30.00
3515,29.00,60.00,30.00
3516,29.00,60.00,30.00
3517,29.00,60.00,30.00
3518,29.00,60.00,30.00
3519,29.00,60.00,30.00
3520,29.00,60.00,30.00
3521,29.00,60.00,30.00
3522,29.00,60.00,30.00
3523,29.00,60.00,30.00
3524,29.00,60.00,30.00
3525,29.00,60.00,30.00
3526,29.00,60.00,30.00
3527,29.00,60.00,30.00
3528,29.00,60.00,30.00
3529,29.00,60.00,30.00
3530,29.00,60.00,30.00
3531,29.00,60.00,30.00
3532,29.00,60.00,30.00
3533,29.00,60.00,30.00
3534,29.00,60.00,30.00
3535,29.00,60.00,30.00
3536,29.00,60.00,30.00
3537,29.00,60.00,30.00
3538,29.00,60.00,30.00
3539,29.00,60.00,30.00
3540,29.00,60.00,30.00
3541,29.00,60.00,30.00
3542,29.00,60.00,30.00
3543,29.00,60.00,30.00
3544,29.00,60.00,30.00
3545,29.00,60.00,30.00
3546,29.00,60.00,30.00
3547,29.00,60.00,30.00
3548,29.00,60.00,30.00
3549,29.00,60.00,30.00
3550,29.00,60.00,30.00
3551,29.00,60.00,30.00
3552,29.00,60.00,31.00
3553,29.00,60.00,31.00
3554,29.00,60.00,31.00
3555,29.00,60.00,31.00
3556,29.00,61.00,31.00
3557,29.00,60.00,31.00
3558,29.00,60.00,31.00
3559,29.00,60.00,31.00
3560,29.00,60.00,31.00
3561,29.00,60.00,31.00
3562,29.00,60.00,32.00
3563,29.00,60.00,31.00
3564,29.00,60.00,31.00
3565,29.00,60.00,31.00
3566,29.00,60.00,32.00
3567,29.00,60.00,31.00
3568,29.00,60.00,31.00
3569,29.00,60.00,31.00
3570,29.00,60.00,31.00
3571,29.00,60.00,31.00
3572,29.00,60.00,31.00
3573,29.00,60.00,31.00
3574,29.00,60.00,31.00
3575,29.00,59.00,31.00
3576,29.00,60.00,31.00
3577,29.00,60.00,31.00
3578,29.00,59.00,31.00
3579,29.00,60.00,31.00
3580,29.00,59.00,31.00
3581,29.00,59.00,31.00
3582,29.00,59.00,31.00
3583,29.00,59.00,31.00
3584,29.00,59.00,31.00
3585,28.00,59.00,31.00
3586,29.00,59.00,31.00
3587,29.00,59.00,31.00
3588,29.00,59.00,32.00
3589,30.00,59.00,31.00
3590,29.00,59.00,31.00
3591,29.00,59.00,31.00
3592,29.00,59.00,32.00
3593,29.00,59.00,31.00
3594,29.00,59.00,31.00
3595,29.00,59.00,31.00
3596,29.00,59.00,31.00
3597,29.00,59.00,31.00
3598,29.00,59.00,31.00
3599,29.00,59.00,31.00
3600,29.00,59.00,31.00
3601,29.00,59.00,31.00
3602,29.00,59.00,31.00
3603,29.00,59.00,31.00
3604,29.00,60.00,32.00
3605,29.00,59.00,30.00
3606,29.00,59.00,31.00
3607,29.00,58.00,31.00
3608,30.00,59.00,31.00
3609,31.00,59.00,30.00
3610,30.00,59.00,31.00
3611,30.00,58.00,31.00
3612,30.00,58.00,30.00
3613,30.00,58.00,31.00
3614,30.00,58.00,31.00
3615,30.00,57.00,31.00
3616,30.00,58.00,31.00
3617,31.00,58.00,30.00
3618,29.00,58.00,30.00
3619,30.00,58.00,30.00
3620,29.00,58.00,30.00
3621,29.00,58.00,30.00
3622,30.00,58.00,30.00
3623,30.00,58.00,30.00
3624,30.00,58.00,30.00
3625,30.00,58.00,30.00
3626,30.00,58.00,32.00
3627,29.00,58.00,30.00
3628,30.00,58.00,30.00
3629,30.00,58.00,30.00
3630,30.00,58.00,30.00
3631,30.00,58.00,31.00
3632,30.00,58.00,30.00
3633,30.00,58.00,30.00
3634,30.00,58.00,30.00
3635,30.00,60.00,30.00
3636,30.00,57.00,30.00
3637,30.00,57.00,30.00
3638,30.00,57.00,30.00
3639,30.00,57.00,31.00
3640,30.00,60.00,30.00
3641,28.00,57.00,30.00
3642,30.00,56.00,30.00
3643,30.00,57.00,31.00
3644,31.00,57.00,30.00
3645,30.00,57.00,30.00
3646,30.00,57.00,30.00
3647,30.00,57.00,32.00
3648,30.00,59.00,30.00
3649,30.00,57.00,30.00
3650,30.00,57.00,30.00
3651,30.00,57.00,30.00
3652,30.00,57.00,30.00
3653,30.00,56.00,30.00
3654,30.00,56.00,30.00
3655,30.00,56.00,30.00
3656,30.00,56.00,30.00
3657,30.00,56.00,30.00
3658,30.00,56.00,30.00
3659,30.00,56.00,30.00
3660,30.00,56.00,29.00
3661,30.00,56.00,30.00
3662,30.00,56.00,30.00
3663,30.00,56.00,32.00
3664,30.00,56.00,30.00
3665,30.00,56.00,30.00
3666,30.00,56.00,30.00
3667,30.00,56.00,30.00
3668,30.00,56.00,32.00
3669,30.00,55.00,30.00
3670,30.00,55.00,30.00
3671,30.00,55.00,30.00
3672,30.00,56.00,30.00
3673,30.00,55.00,30.00
3674,30.00,55.00,30.00
3675,30.00,56.00,30.00
3676,30.00,56.00,30.00
3677,30.00,56.00,30.00
3678,30.00,55.00,30.00
3679,30.00,55.00,30.00
3680,30.00,56.00,30.00
3681,30.00,56.00,30.00
3682,30.00,55.00,30.00
3683,30.00,56.00,30.00
3684,30.00,56.00,30.00
3685,30.00,56.00,30.00
3686,30.00,55.00,30.00
3687,30.00,56.00,30.00
3688,30.00,57.00,30.00
3689,30.00,56.00,30.00
3690,30.00,55.00,30.00
3691,30.00,57.00,30.00
3692,30.00,57.00,30.00
3693,30.00,57.00,30.00
3694,30.00,55.00,30.00
3695,30.00,57.00,30.00
3696,30.00,57.00,30.00
3697,30.00,57.00,30.00
3698,30.00,55.00,30.00
3699,30.00,57.00,30.00
3700,30.00,58.00,30.00
3701,30.00,57.00,31.00
3702,30.00,55.00,30.00
3703,30.00,58.00,30.00
3704,30.00,58.00,30.00
3705,30.00,58.00,32.00
3706,30.00,55.00,30.00
3707,30.00,58.00,30.00
3708,30.00,59.00,30.00
3709,30.00,58.00,30.00
3710,30.00,55.00,30.00
3711,30.00,55.00,30.00
3712,30.00,58.00,30.00
3713,30.00,58.00,30.00
3714,30.00,57.00,30.00
3715,30.00,55.00,31.00
3716,31.00,59.00,31.00
3717,30.00,59.00,30.00
3718,30.00,56.00,31.00
3719,30.00,56.00,31.00
3720,30.00,59.00,30.00
3721,30.00,56.00,31.00
3722,30.00,56.00,31.00
3723,30.00,56.00,30.00
3724,30.00,56.00,29.00
3725,30.00,56.00,30.00
3726,30.00,56.00,29.00
3727,30.00,56.00,30.00
3728,30.00,56.00,30.00
3729,30.00,56.00,31.00
3730,30.00,56.00,30.00
3731,30.00,56.00,30.00
3732,30.00,56.00,30.00
3733,30.00,56.00,30.00
3734,30.00,56.00,30.00
3735,30.00,56.00,32.00
3736,30.00,55.00,30.00
3737,30.00,56.00,30.00
3738,31.00,56.00,33.00
3739,30.00,55.00,33.00
3740,30.00,54.00,32.00
3741,30.00,55.00,30.00
3742,31.00,55.00,33.00
3743,30.00,55.00,33.00
3744,30.00,55.00,30.00
3745,30.00,55.00,30.00
3746,30.00,55.00,30.00
3747,30.00,55.00,30.00
3748,30.00,55.00,30.00
3749,30.00,55.00,30.00
3750,30.00,55.00,30.00
3751,30.00,54.00,30.00
3752,30.00,54.00,33.00
3753,30.00,54.00,30.00
3754,30.00,54.00,30.00
3755,30.00,54.00,30.00
3756,30.00,54.00,30.00
3757,30.00,54.00,31.00
3758,30.00,56.00,31.00
3759,30.00,54.00,30.00
3760,30.00,54.00,31.00
3761,30.00,54.00,31.00
3762,30.00,54.00,31.00
3763,30.00,54.00,31.00
3764,30.00,54.00,31.00
3765,30.00,54.00,31.00
3766,30.00,54.00,31.00
3767,30.00,54.00,31.00
3768,30.00,54.00,32.00
3769,30.00,54.00,31.00
3770,30.00,54.00,31.00
3771,30.00,54.00,31.00
3772,30.00,54.00,30.00
3773,30.00,55.00,31.00
3774,30.00,55.00,31.00
3775,30.00,55.00,31.00
3776,30.00,54.00,30.00
3777,30.00,54.00,31.00
3778,30.00,54.00,31.00
3779,30.00,54.00,31.00
3780,30.00,54.00,32.00
3781,30.00,54.00,30.00
3782,30.00,54.00,30.00
3783,30.00,54.00,30.00
3784,30.00,52.00,30.00
3785,30.00,52.00,30.00
3786,31.00,52.00,30.00
3787,31.00,52.00,30.00
3788,31.00,52.00,30.00
3789,31.00,52.00,30.00
3790,31.00,52.00,30.00
3791,31.00,52.00,30.00
3792,31.00,52.00,30.00
3793,31.00,52.00,30.00
3794,31.00,52.00,30.00
3795,31.00,52.00,30.00
3796,32.00,52.00,30.00
3797,31.00,52.00,30.00
3798,31.00,52.00,30.00
3799,31.00,51.00,30.00
3800,32.00,51.00,30.00
3801,31.00,51.00,30.00
3802,31.00,51.00,29.00
3803,31.00,51.00,30.00
3804,31.00,51.00,30.00
3805,31.00,51.00,30.00
3806,31.00,51.00,30.00
3807,31.00,51.00,30.00
3808,31.00,52.00,31.00
3809,31.00,51.00,30.00
3810,31.00,52.00,30.00
3811,31.00,52.00,30.00
3812,31.00,52.00,30.00
3813,31.00,52.00,30.00
3814,31.00,52.00,30.00
3815,31.00,52.00,30.00
3816,31.00,52.00,30.00
3817,31.00,52.00,30.00
3818,31.00,52.00,30.00
3819,31.00,52.00,30.00
3820,31.00,52.00,31.00
3821,31.00,52.00,30.00
3822,31.00,52.00,30.00
3823,31.00,52.00,30.00
3824,32.00,51.00,30.00
3825,31.00,51.00,30.00
3826,31.00,52.00,30.00
3827,31.00,54.00,30.00
3828,32.00,51.00,30.00
3829,31.00,51.00,30.00
3830,31.00,51.00,30.00
3831,31.00,51.00,30.00
3832,31.00,51.00,30.00
3833,31.00,51.00,30.00
3834,31.00,51.00,31.00
3835,31.00,51.00,30.00
3836,31.00,51.00,30.00
3837,31.00,51.00,31.00
3838,31.00,51.00,30.00
3839,31.00,52.00,30.00
3840,32.00,51.00,30.00
3841,30.00,51.00,30.00
3842,31.00,51.00,30.00
3843,31.00,52.00,31.00
3844,31.00,51.00,30.00
3845,30.00,51.00,30.00
3846,31.00,52.00,30.00
3847,31.00,51.00,30.00
3848,30.00,51.00,30.00
3849,31.00,51.00,30.00
3850,31.00,51.00,30.00
3851,31.00,52.00,30.00
3852,31.00,52.00,30.00
3853,30.00,52.00,30.00
3854,30.00,52.00,30.00
3855,30.00,52.00,30.00
3856,30.00,52.00,30.00
3857,30.00,52.00,30.00
3858,30.00,52.00,30.00
3859,30.00,52.00,30.00
3860,30.00,51.00,30.00
3861,30.00,56.00,30.00
3862,32.00,52.00,30.00
3863,30.00,52.00,30.00
3864,30.00,52.00,30.00
3865,30.00,51.00,30.00
3866,30.00,52.00,30.00
3867,31.00,52.00,30.00
3868,30.00,53.00,30.00
3869,30.00,53.00,30.00
3870,30.00,53.00,30.00
3871,30.00,53.00,30.00
3872,30.00,53.00,30.00
3873,30.00,52.00,30.00
3874,30.00,53.00,30.00
3875,31.00,53.00,30.00
3876,30.00,53.00,30.00
3877,30.00,52.00,30.00
3878,30.00,53.00,30.00
3879,31.00,53.00,30.00
3880,30.00,53.00,30.00
3881,30.00,51.00,30.00
3882,30.00,52.00,30.00
3883,32.00,52.00,30.00
3884,30.00,52.00,30.00
3885,30.00,52.00,30.00
3886,30.00,54.00,30.00
3887,30.00,52.00,30.00
3888,30.00,52.00,30.00
3889,30.00,52.00,30.00
3890,30.00,52.00,30.00
3891,30.00,52.00,30.00
3892,30.00,52.00,30.00
3893,30.00,51.00,32.00
3894,30.00,48.00,30.00
3895,30.00,51.00,30.00
3896,29.00,51.00,30.00
3897,30.00,50.00,30.00
3898,30.00,51.00,30.00
3899,32.00,51.00,30.00
3900,30.00,50.00,30.00
3901,30.00,49.00,30.00
3902,30.00,50.00,30.00
3903,32.00,50.00,30.00
3904,30.00,50.00,30.00
3905,30.00,50.00,30.00
3906,30.00,50.00,30.00
3907,30.00,50.00,30.00
3908,30.00,50.00,30.00
3909,30.00,50.00,30.00
3910,30.00,50.00,30.00
3911,30.00,50.00,30.00
3912,30.00,50.00,30.00
3913,30.00,50.00,30.00
3914,30.00,50.00,31.00
3915,30.00,50.00,31.00
3916,30.00,50.00,31.00
3917,30.00,51.00,31.00
3918,30.00,51.00,31.00
3919,30.00,51.00,31.00
3920,30.00,51.00,31.00
3921,30.00,52.00,31.00
3922,30.00,54.00,31.00
3923,30.00,52.00,31.00
3924,30.00,52.00,31.00
3925,30.00,52.00,31.00
3926,30.00,54.00,31.00
3927,30.00,52.00,31.00
3928,30.00,52.00,31.00
3929,30.00,52.00,31.00
3930,30.00,52.00,31.00
3931,30.00,52.00,31.00
3932,30.00,52.00,31.00
3933,30.00,52.00,31.00
3934,30.00,51.00,31.00
3935,30.00,52.00,31.00
3936,31.00,52.00,31.00
3937,30.00,52.00,31.00
3938,30.00,51.00,31.00
3939,30.00,51.00,31.00
3940,32.00,51.00,31.00
3941,30.00,51.00,31.00
3942,30.00,52.00,31.00
3943,30.00,51.00,31.00
3944,30.00,51.00,31.00
3945,30.00,51.00,31.00
3946,30.00,55.00,31.00
3947,30.00,51.00,31.00
3948,30.00,50.00,31.00
3949,30.00,49.00,31.00
3950,31.00,52.00,31.00
3951,31.00,49.00,31.00
3952,30.00,49.00,31.00
3953,31.00,49.00,31.00
3954,31.00,54.00,31.00
3955,30.00,48.00,31.00
3956,31.00,49.00,31.00
3957,31.00,46.00,31.00
3958,30.00,55.00,31.00
3959,29.00,46.00,31.00
3960,30.00,52.00,31.00
3961,29.00,48.00,31.00
3962,30.00,53.00,31.00
3963,30.00,48.00,31.00
3964,31.00,48.00,31.00
3965,30.00,48.00,31.00
3966,30.00,52.00,31.00
3967,30.00,48.00,31.00
3968,30.00,48.00,31.00
3969,30.00,49.00,31.00
3970,32.00,52.00,31.00
3971,30.00,46.00,31.00
3972,30.00,46.00,31.00
3973,33.00,47.00,31.00
3974,33.00,53.00,31.00
3975,32.00,46.00,31.00
3976,30.00,46.00,31.00
3977,33.00,48.00,31.00
3978,33.00,54.00,31.00
3979,30.00,48.00,31.00
3980,30.00,48.00,31.00
3981,30.00,48.00,31.00
3982,30.00,53.00,31.00
3983,30.00,48.00,31.00
3984,30.00,48.00,31.00
3985,30.00,46.00,31.00
3986,30.00,52.00,31.00
3987,33.00,48.00,31.00
3988,30.00,48.00,30.00
3989,30.00,48.00,29.00
3990,30.00,53.00,30.00
3991,30.00,47.00,30.00
3992,31.00,48.00,30.00
3993,31.00,47.00,30.00
3994,30.00,47.00,30.00
3995,31.00,47.00,30.00
3996,31.00,47.00,30.00
3997,31.00,47.00,30.00
3998,31.00,47.00,30.00
3999,31.00,47.00,30.00
4000,31.00,47.00,30.00
4001,31.00,47.00,30.00
4002,31.00,53.00,30.00
4003,32.00,47.00,30.00
4004,31.00,47.00,29.00
4005,31.00,48.00,30.00
4006,31.00,53.00,30.00
4007,30.00,46.00,29.00
4008,31.00,46.00,30.00
4009,31.00,47.00,30.00
4010,31.00,46.00,30.00
4011,30.00,46.00,30.00
4012,31.00,46.00,30.00
4013,31.00,46.00,30.00
4014,31.00,53.00,30.00
4015,32.00,47.00,30.00
4016,30.00,47.00,30.00
4017,30.00,47.00,30.00
4018,30.00,47.00,30.00
4019,30.00,47.00,30.00
4020,30.00,47.00,30.00
4021,30.00,47.00,30.00
4022,30.00,47.00,30.00
4023,30.00,47.00,30.00
4024,30.00,48.00,30.00
4025,30.00,48.00,30.00
4026,30.00,48.00,30.00
4027,30.00,48.00,30.00
4028,30.00,48.00,30.00
4029,30.00,48.00,30.00
4030,30.00,48.00,30.00
4031,30.00,48.00,30.00
4032,30.00,48.00,30.00
4033,30.00,48.00,30.00
4034,30.00,53.00,30.00
4035,30.00,48.00,30.00
4036,30.00,46.00,30.00
4037,30.00,49.00,30.00
4038,29.00,48.00,30.00
4039,30.00,49.00,30.00
4040,30.00,48.00,30.00
4041,30.00,50.00,30.00
4042,30.00,53.00,30.00
4043,30.00,49.00,30.00
4044,31.00,50.00,30.00
4045,30.00,49.00,31.00
4046,30.00,49.00,30.00
4047,30.00,49.00,31.00
4048,30.00,50.00,30.00
4049,30.00,49.00,30.00
4050,30.00,55.00,30.00
4051,30.00,52.00,30.00
4052,30.00,51.00,30.00
4053,30.00,51.00,31.00
4054,30.00,48.00,31.00
4055,30.00,52.00,30.00
4056,31.00,49.00,30.00
4057,30.00,50.00,30.00
4058,30.00,51.00,30.00
4059,30.00,52.00,30.00
4060,30.00,49.00,30.00
4061,30.00,51.00,30.00
4062,30.00,51.00,30.00
4063,30.00,51.00,30.00
4064,30.00,49.00,30.00
4065,30.00,51.00,30.00
4066,30.00,52.00,30.00
4067,30.00,54.00,30.00
4068,30.00,48.00,30.00
4069,30.00,52.00,29.00
4070,31.00,52.00,30.00
4071,30.00,53.00,30.00
4072,30.00,49.00,30.00
4073,31.00,52.00,30.00
4074,30.00,51.00,30.00
4075,30.00,52.00,30.00
4076,30.00,48.00,30.00
4077,30.00,53.00,30.00
4078,30.00,53.00,30.00
4079,31.00,53.00,30.00
4080,30.00,49.00,30.00
4081,30.00,53.00,30.00
4082,30.00,53.00,30.00
4083,30.00,54.00,30.00
4084,30.00,53.00,30.00
4085,30.00,54.00,30.00
4086,30.00,54.00,30.00
4087,30.00,53.00,30.00
4088,30.00,53.00,30.00
4089,30.00,48.00,32.00
4090,30.00,48.00,30.00
4091,30.00,53.00,30.00
4092,30.00,50.00,30.00
4093,30.00,48.00,30.00
4094,30.00,54.00,30.00
4095,30.00,54.00,30.00
4096,30.00,54.00,30.00
4097,30.00,55.00,30.00
4098,30.00,54.00,30.00
4099,30.00,53.00,30.00
4100,30.00,48.00,30.00
4101,30.00,48.00,30.00
4102,30.00,54.00,30.00
4103,30.00,54.00,30.00
4104,30.00,54.00,30.00
4105,30.00,48.00,30.00
4106,30.00,54.00,30.00
4107,30.00,48.00,30.00
4108,30.00,55.00,30.00
4109,30.00,50.00,30.00
4110,30.00,47.00,30.00
4111,30.00,47.00,30.00
4112,30.00,54.00,30.00
4113,30.00,46.00,30.00
4114,30.00,46.00,30.00
4115,30.00,48.00,30.00
4116,30.00,46.00,30.00
4117,30.00,46.00,30.00
4118,30.00,53.00,30.00
4119,30.00,54.00,30.00
4120,30.00,46.00,30.00
4121,30.00,46.00,30.00
4122,30.00,51.00,30.00
4123,30.00,46.00,30.00
4124,30.00,46.00,30.00
4125,30.00,46.00,30.00
4126,30.00,45.00,30.00
4127,30.00,46.00,30.00
4128,32.00,50.00,30.00
4129,30.00,46.00,30.00
4130,30.00,46.00,30.00
4131,30.00,46.00,30.00
4132,30.00,52.00,32.00
4133,30.00,46.00,30.00
4134,30.00,46.00,30.00
4135,30.00,54.00,30.00
4136,30.00,46.00,30.00
4137,30.00,46.00,30.00
4138,30.00,46.00,30.00
4139,30.00,46.00,30.00
4140,30.00,46.00,30.00
4141,30.00,46.00,30.00
4142,30.00,46.00,30.00
4143,30.00,46.00,30.00
4144,30.00,46.00,30.00
4145,30.00,46.00,30.00
4146,30.00,46.00,30.00
4147,30.00,46.00,30.00
4148,30.00,44.00,30.00
4149,31.00,45.00,30.00
4150,31.00,45.00,30.00
4151,31.00,44.00,30.00
4152,31.00,44.00,30.00
4153,31.00,44.00,30.00
4154,31.00,44.00,30.00
4155,31.00,44.00,30.00
4156,31.00,44.00,30.00
4157,31.00,44.00,30.00
4158,31.00,50.00,30.00
4159,31.00,44.00,30.00
4160,31.00,44.00,30.00
4161,31.00,44.00,31.00
4162,31.00,44.00,30.00
4163,31.00,44.00,30.00
4164,31.00,44.00,30.00
4165,31.00,44.00,30.00
4166,31.00,44.00,30.00
4167,31.00,44.00,30.00
4168,31.00,44.00,31.00
4169,31.00,45.00,30.00
4170,31.00,44.00,30.00
4171,31.00,44.00,30.00
4172,31.00,51.00,30.00
4173,31.00,44.00,30.00
4174,31.00,44.00,30.00
4175,31.00,44.00,30.00
4176,31.00,44.00,31.00
4177,31.00,47.00,30.00
4178,31.00,47.00,30.00
4179,31.00,44.00,30.00
4180,31.00,44.00,29.00
4181,31.00,44.00,29.00
4182,31.00,44.00,29.00
4183,31.00,44.00,29.00
4184,31.00,44.00,29.00
4185,31.00,44.00,29.00
4186,31.00,44.00,29.00
4187,31.00,44.00,29.00
4188,31.00,44.00,31.00
4189,31.00,44.00,29.00
4190,31.00,44.00,29.00
4191,31.00,44.00,29.00
4192,31.00,45.00,31.00
4193,31.00,44.00,29.00
4194,31.00,50.00,29.00
4195,31.00,44.00,29.00
4196,31.00,44.00,29.00
4197,31.00,44.00,29.00
4198,31.00,44.00,29.00
4199,31.00,44.00,29.00
4200,31.00,44.00,29.00
4201,31.00,44.00,29.00
4202,31.00,44.00,29.00
4203,31.00,43.00,29.00
4204,31.00,45.00,31.00
4205,31.00,43.00,29.00
4206,31.00,43.00,29.00
4207,31.00,43.00,29.00
4208,31.00,45.00,29.00
4209,31.00,51.00,29.00
4210,31.00,43.00,29.00
4211,31.00,43.00,29.00
4212,31.00,44.00,29.00
4213,31.00,43.00,28.00
4214,31.00,43.00,28.00
4215,31.00,43.00,28.00
4216,31.00,45.00,28.00
4217,31.00,43.00,28.00
4218,31.00,43.00,28.00
4219,31.00,43.00,28.00
4220,31.00,45.00,28.00
4221,31.00,44.00,28.00
4222,30.00,44.00,28.00
4223,30.00,43.00,28.00
4224,29.00,45.00,28.00
4225,30.00,44.00,28.00
4226,30.00,44.00,28.00
4227,30.00,44.00,28.00
4228,30.00,46.00,28.00
4229,30.00,44.00,28.00
4230,30.00,47.00,27.00
4231,30.00,45.00,27.00
4232,30.00,45.00,27.00
4233,30.00,52.00,27.00
4234,30.00,44.00,27.00
4235,30.00,44.00,27.00
4236,30.00,46.00,27.00
4237,30.00,43.00,27.00
4238,29.00,44.00,27.00
4239,30.00,44.00,27.00
4240,30.00,43.00,27.00
4241,29.00,47.00,27.00
4242,30.00,44.00,27.00
4243,30.00,44.00,27.00
4244,30.00,45.00,27.00
4245,30.00,45.00,27.00
4246,30.00,45.00,27.00
4247,30.00,45.00,27.00
4248,30.00,49.00,27.00
4249,30.00,44.00,28.00
4250,30.00,46.00,28.00
4251,30.00,44.00,28.00
4252,30.00,44.00,28.00
4253,30.00,44.00,28.00
4254,30.00,47.00,28.00
4255,30.00,44.00,28.00
4256,30.00,44.00,28.00
4257,30.00,44.00,28.00
4258,30.00,45.00,28.00
4259,30.00,44.00,28.00
4260,30.00,44.00,28.00
4261,30.00,44.00,28.00
4262,30.00,45.00,28.00
4263,30.00,44.00,28.00
4264,30.00,44.00,28.00
4265,30.00,44.00,28.00
4266,30.00,45.00,28.00
4267,30.00,44.00,28.00
4268,30.00,44.00,28.00
4269,30.00,44.00,28.00
4270,30.00,46.00,28.00
4271,30.00,44.00,28.00
4272,30.00,44.00,28.00
4273,30.00,44.00,28.00
4274,30.00,46.00,28.00
4275,30.00,44.00,28.00
4276,30.00,44.00,28.00
4277,30.00,44.00,28.00
4278,31.00,47.00,28.00
4279,30.00,44.00,28.00
4280,31.00,43.00,28.00
4281,30.00,44.00,28.00
4282,30.00,48.00,28.00
4283,30.00,44.00,28.00
4284,31.00,43.00,28.00
4285,31.00,43.00,28.00
4286,30.00,46.00,28.00
4287,30.00,44.00,28.00
4288,30.00,44.00,28.00
4289,30.00,44.00,28.00
4290,30.00,52.00,28.00
4291,30.00,44.00,28.00
4292,30.00,45.00,28.00
4293,30.00,45.00,28.00
4294,30.00,44.00,28.00
4295,30.00,45.00,28.00
4296,30.00,45.00,28.00
4297,30.00,45.00,28.00
4298,30.00,45.00,28.00
4299,30.00,45.00,27.00
4300,29.00,44.00,28.00
4301,30.00,45.00,28.00
4302,30.00,45.00,28.00
4303,30.00,45.00,30.00
4304,30.00,52.00,28.00
4305,30.00,45.00,28.00
4306,30.00,45.00,28.00
4307,30.00,46.00,28.00
4308,30.00,45.00,28.00
4309,30.00,45.00,28.00
4310,30.00,45.00,28.00
4311,30.00,52.00,27.00
4312,30.00,45.00,27.00
4313,30.00,46.00,29.00
4314,30.00,53.00,28.00
4315,30.00,46.00,28.00
4316,30.00,46.00,28.00
4317,30.00,46.00,28.00
4318,30.00,46.00,28.00
4319,30.00,46.00,29.00
4320,32.00,45.00,28.00
4321,30.00,46.00,28.00
4322,30.00,46.00,28.00
